expiry,option_type,strike,bid,ask,last,mid,volume,open_interest,spot,snapshot_utc,T,moneyness,iv
2026-06-11,call,758.0,4.55,4.56,4.56,4.555,943.0,978.0,757.72998046875,2026-06-04T18:31:23+00:00,0.0193466831557585,1.0003563532369182,0.10616412167005361
2026-06-11,call,759.0,3.99,4.01,4.04,4.0,1920.0,624.0,757.72998046875,2026-06-04T18:31:23+00:00,0.0193466831557585,1.0016760845736423,0.10450534008955356
2026-06-11,call,760.0,3.48,3.5,3.51,3.49,1807.0,849.0,757.72998046875,2026-06-04T18:31:23+00:00,0.0193466831557585,1.0029958159103665,0.10304321038674402
2026-06-11,call,761.0,3.01,3.04,2.92,3.025,924.0,395.0,757.72998046875,2026-06-04T18:31:23+00:00,0.0193466831557585,1.0043155472470906,0.10175747537476394
2026-06-11,call,762.0,2.58,2.59,2.49,2.585,683.0,665.0,757.72998046875,2026-06-04T18:31:23+00:00,0.0193466831557585,1.005635278583815,0.1001379486577646
2026-06-11,call,763.0,2.16,2.18,2.18,2.17,670.0,294.0,757.72998046875,2026-06-04T18:31:23+00:00,0.0193466831557585,1.006955009920539,0.09813655129387647
2026-06-11,call,764.0,1.82,1.84,1.77,1.83,538.0,377.0,757.72998046875,2026-06-04T18:31:23+00:00,0.0193466831557585,1.0082747412572632,0.097076630714145
2026-06-11,call,765.0,1.5,1.51,1.51,1.505,342.0,467.0,757.72998046875,2026-06-04T18:31:23+00:00,0.0193466831557585,1.0095944725939874,0.09536270224870745
2026-06-11,call,766.0,1.24,1.25,1.24,1.245,387.0,297.0,757.72998046875,2026-06-04T18:31:23+00:00,0.0193466831557585,1.0109142039307115,0.09448015107480566
2026-06-11,call,767.0,1.0,1.01,1.01,1.005,412.0,211.0,757.72998046875,2026-06-04T18:31:23+00:00,0.0193466831557585,1.0122339352674357,0.0931261363330647
2026-06-11,call,768.0,0.8,0.82,0.74,0.81,77.0,216.0,757.72998046875,2026-06-04T18:31:23+00:00,0.0193466831557585,1.0135536666041598,0.09220095611643003
2026-06-11,call,769.0,0.63,0.64,0.57,0.635,264.0,233.0,757.72998046875,2026-06-04T18:31:23+00:00,0.0193466831557585,1.014873397940884,0.09086408563144723
2026-06-11,call,770.0,0.5,0.51,0.5,0.505,352.0,386.0,757.72998046875,2026-06-04T18:31:23+00:00,0.0193466831557585,1.0161931292776083,0.09032836584712085
2026-06-11,call,771.0,0.37,0.38,0.31,0.375,2481.0,1682.0,757.72998046875,2026-06-04T18:31:23+00:00,0.0193466831557585,1.0175128606143324,0.08850086751442442
2026-06-11,call,772.0,0.29,0.3,0.27,0.295,1108.0,350.0,757.72998046875,2026-06-04T18:31:23+00:00,0.0193466831557585,1.0188325919510566,0.08834626346874941
2026-06-11,call,773.0,0.21,0.22,0.19,0.215,730.0,1101.0,757.72998046875,2026-06-04T18:31:23+00:00,0.0193466831557585,1.0201523232877807,0.08695522891924788
2026-06-11,call,774.0,0.16,0.17,0.16,0.165,87.0,303.0,757.72998046875,2026-06-04T18:31:23+00:00,0.0193466831557585,1.0214720546245049,0.08680751211256738
2026-06-11,call,775.0,0.12,0.13,0.11,0.125,191.0,252.0,757.72998046875,2026-06-04T18:31:23+00:00,0.0193466831557585,1.022791785961229,0.08661756021229058
2026-06-11,call,776.0,0.09,0.1,0.07,0.095,59.0,186.0,757.72998046875,2026-06-04T18:31:23+00:00,0.0193466831557585,1.0241115172979531,0.08662798756604269
2026-06-11,call,777.0,0.07,0.08,0.07,0.075,72.0,76.0,757.72998046875,2026-06-04T18:31:23+00:00,0.0193466831557585,1.0254312486346773,0.08726818962111378
2026-06-11,call,778.0,0.06,0.07,0.03,0.065,6.0,300.0,757.72998046875,2026-06-04T18:31:23+00:00,0.0193466831557585,1.0267509799714016,0.08916508381772559
2026-06-11,call,779.0,0.05,0.06,0.04,0.055,10.0,124.0,757.72998046875,2026-06-04T18:31:23+00:00,0.0193466831557585,1.0280707113081258,0.09069956574374982
2026-06-11,put,695.0,0.06,0.07,0.09,0.065,1.0,140.0,757.72998046875,2026-06-04T18:31:23+00:00,0.0193466831557585,0.9172132790232957,0.2576751442003943
2026-06-11,put,700.0,0.07,0.08,0.09,0.075,12.0,53.0,757.72998046875,2026-06-04T18:31:23+00:00,0.0193466831557585,0.9238119357069166,0.24303426265322825
2026-06-11,put,702.0,0.07,0.08,0.15,0.075,1.0,4.0,757.72998046875,2026-06-04T18:31:23+00:00,0.0193466831557585,0.9264513983803648,0.23537424704831733
2026-06-11,put,704.0,0.08,0.09,0.09,0.0849999999999999,5.0,12.0,757.72998046875,2026-06-04T18:31:23+00:00,0.0193466831557585,0.9290908610538132,0.23137192053231354
2026-06-11,put,705.0,0.08,0.09,0.1,0.0849999999999999,11.0,7.0,757.72998046875,2026-06-04T18:31:23+00:00,0.0193466831557585,0.9304105923905374,0.22748900762783092
2026-06-11,put,710.0,0.1,0.11,0.11,0.105,12.0,15.0,757.72998046875,2026-06-04T18:31:23+00:00,0.0193466831557585,0.9370092490741582,0.21404560328184663
2026-06-11,put,711.0,0.11,0.12,0.14,0.1149999999999999,4.0,22.0,757.72998046875,2026-06-04T18:31:23+00:00,0.0193466831557585,0.9383289804108824,0.21273700246087146
2026-06-11,put,714.0,0.12,0.13,0.23,0.125,2.0,46.0,757.72998046875,2026-06-04T18:31:23+00:00,0.0193466831557585,0.9422881744210548,0.20306182210945553
2026-06-11,put,715.0,0.13,0.14,0.15,0.135,64.0,202.0,757.72998046875,2026-06-04T18:31:23+00:00,0.0193466831557585,0.9436079057577791,0.20124184546589877
2026-06-11,put,716.0,0.13,0.14,0.14,0.135,20.0,50.0,757.72998046875,2026-06-04T18:31:23+00:00,0.0193466831557585,0.9449276370945032,0.1971273776721257
2026-06-11,put,717.0,0.13,0.14,0.27,0.135,76.0,78.0,757.72998046875,2026-06-04T18:31:23+00:00,0.0193466831557585,0.9462473684312274,0.19300806847700103
2026-06-11,put,719.0,0.15,0.16,0.21,0.155,6.0,46.0,757.72998046875,2026-06-04T18:31:23+00:00,0.0193466831557585,0.9488868311046758,0.18869310552880264
2026-06-11,put,720.0,0.16,0.17,0.18,0.165,62.0,129.0,757.72998046875,2026-06-04T18:31:23+00:00,0.0193466831557585,0.9502065624413999,0.1863082865629859
2026-06-11,put,721.0,0.17,0.18,0.29,0.175,3.0,48.0,757.72998046875,2026-06-04T18:31:23+00:00,0.0193466831557585,0.951526293778124,0.18378762237846566
2026-06-11,put,723.0,0.19,0.2,0.26,0.195,244.0,53.0,757.72998046875,2026-06-04T18:31:23+00:00,0.0193466831557585,0.9541657564515724,0.1783750424253342
2026-06-11,put,725.0,0.22,0.23,0.26,0.225,170.0,109.0,757.72998046875,2026-06-04T18:31:23+00:00,0.0193466831557585,0.9568052191250207,0.17388128311705697
2026-06-11,put,726.0,0.23,0.24,0.32,0.235,836.0,785.0,757.72998046875,2026-06-04T18:31:23+00:00,0.0193466831557585,0.9581249504617448,0.17073664126156282
2026-06-11,put,727.0,0.25,0.26,0.29,0.255,260.0,90.0,757.72998046875,2026-06-04T18:31:23+00:00,0.0193466831557585,0.959444681798469,0.16871852929030998
2026-06-11,put,728.0,0.27,0.28,0.3,0.275,278.0,143.0,757.72998046875,2026-06-04T18:31:23+00:00,0.0193466831557585,0.9607644131351932,0.16648404045772547
2026-06-11,put,729.0,0.29,0.3,0.33,0.295,36.0,198.0,757.72998046875,2026-06-04T18:31:23+00:00,0.0193466831557585,0.9620841444719174,0.16405199030573717
2026-06-11,put,730.0,0.3,0.31,0.33,0.305,520.0,384.0,757.72998046875,2026-06-04T18:31:23+00:00,0.0193466831557585,0.9634038758086415,0.16042237314096056
2026-06-11,put,731.0,0.32,0.33,0.34,0.325,232.0,39.0,757.72998046875,2026-06-04T18:31:23+00:00,0.0193466831557585,0.9647236071453656,0.15769290660819937
2026-06-11,put,732.0,0.34,0.35,0.41,0.345,74.0,525.0,757.72998046875,2026-06-04T18:31:23+00:00,0.0193466831557585,0.9660433384820899,0.15479883271547928
2026-06-11,put,733.0,0.38,0.39,0.38,0.385,98.0,86.0,757.72998046875,2026-06-04T18:31:23+00:00,0.0193466831557585,0.967363069818814,0.15346611271183164
2026-06-11,put,735.0,0.44,0.45,0.49,0.445,675.0,231.0,757.72998046875,2026-06-04T18:31:23+00:00,0.0193466831557585,0.9700025324922623,0.14828698607198315
2026-06-11,put,736.0,0.49,0.5,0.53,0.495,397.0,96.0,757.72998046875,2026-06-04T18:31:23+00:00,0.0193466831557585,0.9713222638289866,0.14678805994065988
2026-06-11,put,737.0,0.54,0.55,0.58,0.545,129.0,367.0,757.72998046875,2026-06-04T18:31:23+00:00,0.0193466831557585,0.9726419951657107,0.14492599861575314
2026-06-11,put,738.0,0.57,0.58,0.58,0.575,278.0,80.0,757.72998046875,2026-06-04T18:31:23+00:00,0.0193466831557585,0.9739617265024348,0.1415132319421759
2026-06-11,put,739.0,0.63,0.64,0.63,0.635,119.0,214.0,757.72998046875,2026-06-04T18:31:23+00:00,0.0193466831557585,0.975281457839159,0.13967691154697762
2026-06-11,put,740.0,0.69,0.71,0.73,0.7,430.0,384.0,757.72998046875,2026-06-04T18:31:23+00:00,0.0193466831557585,0.9766011891758832,0.13775431152967305
2026-06-11,put,741.0,0.76,0.78,0.81,0.77,145.0,83.0,757.72998046875,2026-06-04T18:31:23+00:00,0.0193466831557585,0.9779209205126074,0.13572527611071247
2026-06-11,put,742.0,0.85,0.86,0.85,0.855,149.0,297.0,757.72998046875,2026-06-04T18:31:23+00:00,0.0193466831557585,0.9792406518493315,0.13404328281772487
2026-06-11,put,743.0,0.93,0.94,0.93,0.935,269.0,190.0,757.72998046875,2026-06-04T18:31:23+00:00,0.0193466831557585,0.9805603831860557,0.1317230410574938
2026-06-11,put,744.0,1.02,1.03,1.05,1.025,319.0,75.0,757.72998046875,2026-06-04T18:31:23+00:00,0.0193466831557585,0.9818801145227799,0.12945989949920478
2026-06-11,put,745.0,1.14,1.15,1.14,1.145,343.0,643.0,757.72998046875,2026-06-04T18:31:23+00:00,0.0193466831557585,0.983199845859504,0.12798703228798392
2026-06-11,put,746.0,1.25,1.27,1.33,1.26,327.0,288.0,757.72998046875,2026-06-04T18:31:23+00:00,0.0193466831557585,0.9845195771962282,0.12583754539409475
2026-06-11,put,747.0,1.39,1.4,1.39,1.395,563.0,358.0,757.72998046875,2026-06-04T18:31:23+00:00,0.0193466831557585,0.9858393085329523,0.12394684303743658
2026-06-11,put,748.0,1.54,1.55,1.69,1.545,267.0,316.0,757.72998046875,2026-06-04T18:31:23+00:00,0.0193466831557585,0.9871590398696766,0.12206354409038961
2026-06-11,put,749.0,1.7,1.72,1.78,1.71,350.0,297.0,757.72998046875,2026-06-04T18:31:23+00:00,0.0193466831557585,0.9884787712064007,0.12013900774218271
2026-06-11,put,750.0,1.89,1.91,1.89,1.9,731.0,787.0,757.72998046875,2026-06-04T18:31:23+00:00,0.0193466831557585,0.9897985025431248,0.11842767503427955
2026-06-11,put,751.0,2.11,2.12,2.17,2.115,471.0,214.0,757.72998046875,2026-06-04T18:31:23+00:00,0.0193466831557585,0.991118233879849,0.11685089672604529
2026-06-11,put,752.0,2.32,2.34,2.35,2.33,492.0,390.0,757.72998046875,2026-06-04T18:31:23+00:00,0.0193466831557585,0.9924379652165732,0.11466150786893518
2026-06-11,put,753.0,2.59,2.61,2.7,2.6,639.0,818.0,757.72998046875,2026-06-04T18:31:23+00:00,0.0193466831557585,0.9937576965532974,0.11332099682422596
2026-06-11,put,754.0,2.87,2.89,2.99,2.88,800.0,420.0,757.72998046875,2026-06-04T18:31:23+00:00,0.0193466831557585,0.9950774278900215,0.11154965106227371
2026-06-11,put,755.0,3.14,3.17,3.2,3.155,1638.0,783.0,757.72998046875,2026-06-04T18:31:23+00:00,0.0193466831557585,0.9963971592267457,0.10896433529519718
2026-06-11,put,756.0,3.53,3.55,3.5,3.54,1944.0,406.0,757.72998046875,2026-06-04T18:31:23+00:00,0.0193466831557585,0.9977168905634699,0.10835517043125034
2026-06-11,put,757.0,3.91,3.93,3.93,3.92,1062.0,454.0,757.72998046875,2026-06-04T18:31:23+00:00,0.0193466831557585,0.999036621900194,0.10682414517327558
2026-07-02,call,758.0,11.03,11.06,10.99,11.045,457.0,981.0,757.72998046875,2026-06-04T18:31:23+00:00,0.07688092973110096,1.0003563532369182,0.12265572091772715
2026-07-02,call,759.0,10.47,10.5,10.41,10.485,128.0,748.0,757.72998046875,2026-06-04T18:31:23+00:00,0.07688092973110096,1.0016760845736423,0.12202925578525876
2026-07-02,call,760.0,9.9,9.93,9.92,9.915,317.0,1172.0,757.72998046875,2026-06-04T18:31:23+00:00,0.07688092973110096,1.0029958159103665,0.12110034376822464
2026-07-02,call,761.0,9.35,9.38,8.71,9.365,89.0,204.0,757.72998046875,2026-06-04T18:31:23+00:00,0.07688092973110096,1.0043155472470906,0.12022427270501711
2026-07-02,call,762.0,8.79,8.82,7.34,8.805,657.0,388.0,757.72998046875,2026-06-04T18:31:23+00:00,0.07688092973110096,1.005635278583815,0.1190382665806061
2026-07-02,call,763.0,8.28,8.29,7.73,8.285,64.0,329.0,757.72998046875,2026-06-04T18:31:23+00:00,0.07688092973110096,1.006955009920539,0.11813673780774546
2026-07-02,call,764.0,7.8,7.83,7.42,7.814999999999999,21.0,249.0,757.72998046875,2026-06-04T18:31:23+00:00,0.07688092973110096,1.0082747412572632,0.11764110365970282
2026-07-02,call,765.0,7.32,7.35,7.3,7.335,32.0,727.0,757.72998046875,2026-06-04T18:31:23+00:00,0.07688092973110096,1.0095944725939874,0.11682606686659709
2026-07-02,call,766.0,6.86,6.89,6.49,6.875,90.0,1491.0,757.72998046875,2026-06-04T18:31:23+00:00,0.07688092973110096,1.0109142039307115,0.11605133722605865
2026-07-02,call,767.0,6.41,6.44,5.64,6.425000000000001,19.0,298.0,757.72998046875,2026-06-04T18:31:23+00:00,0.07688092973110096,1.0122339352674357,0.11519187662065512
2026-07-02,call,768.0,5.97,6.0,5.87,5.984999999999999,55.0,205.0,757.72998046875,2026-06-04T18:31:23+00:00,0.07688092973110096,1.0135536666041598,0.11424289028445825
2026-07-02,call,769.0,5.56,5.57,5.25,5.565,215.0,169.0,757.72998046875,2026-06-04T18:31:23+00:00,0.07688092973110096,1.014873397940884,0.1133269371547958
2026-07-02,call,770.0,5.19,5.22,5.12,5.205,240.0,422.0,757.72998046875,2026-06-04T18:31:23+00:00,0.07688092973110096,1.0161931292776083,0.11296643566602513
2026-07-02,call,771.0,4.81,4.83,4.58,4.82,16.0,166.0,757.72998046875,2026-06-04T18:31:23+00:00,0.07688092973110096,1.0175128606143324,0.11206218531105187
2026-07-02,call,772.0,4.46,4.49,3.82,4.475,90.0,278.0,757.72998046875,2026-06-04T18:31:23+00:00,0.07688092973110096,1.0188325919510566,0.11146512622769582
2026-07-02,call,773.0,4.13,4.15,4.06,4.140000000000001,486.0,103.0,757.72998046875,2026-06-04T18:31:23+00:00,0.07688092973110096,1.0201523232877807,0.11077981417865813
2026-07-02,call,774.0,3.81,3.84,3.72,3.825,12.0,192.0,757.72998046875,2026-06-04T18:31:23+00:00,0.07688092973110096,1.0214720546245049,0.11014469430761664
2026-07-02,call,775.0,3.52,3.54,3.45,3.53,121.0,1800.0,757.72998046875,2026-06-04T18:31:23+00:00,0.07688092973110096,1.022791785961229,0.1095666866186137
2026-07-02,call,776.0,3.27,3.29,2.92,3.28,6.0,176.0,757.72998046875,2026-06-04T18:31:23+00:00,0.07688092973110096,1.0241115172979531,0.10943406751814518
2026-07-02,call,777.0,2.97,3.0,2.71,2.9850000000000003,17.0,553.0,757.72998046875,2026-06-04T18:31:23+00:00,0.07688092973110096,1.0254312486346773,0.10838364120763762
2026-07-02,call,778.0,2.72,2.74,2.61,2.7300000000000004,51.0,350.0,757.72998046875,2026-06-04T18:31:23+00:00,0.07688092973110096,1.0267509799714016,0.1077044793324506
2026-07-02,call,779.0,2.5,2.52,2.33,2.51,5.0,171.0,757.72998046875,2026-06-04T18:31:23+00:00,0.07688092973110096,1.0280707113081258,0.1073602094430242
2026-07-02,call,780.0,2.28,2.3,2.15,2.29,187.0,930.0,757.72998046875,2026-06-04T18:31:23+00:00,0.07688092973110096,1.02939044264485,0.10678145056471178
2026-07-02,call,781.0,2.07,2.1,1.9,2.085,4.0,145.0,757.72998046875,2026-06-04T18:31:23+00:00,0.07688092973110096,1.030710173981574,0.10622104764627
2026-07-02,call,782.0,1.9,1.92,1.75,1.91,4.0,83.0,757.72998046875,2026-06-04T18:31:23+00:00,0.07688092973110096,1.0320299053182982,0.10597871297689967
2026-07-02,call,783.0,1.7,1.72,1.65,1.71,343.0,610.0,757.72998046875,2026-06-04T18:31:23+00:00,0.07688092973110096,1.0333496366550223,0.10499751986489443
2026-07-02,call,784.0,1.56,1.59,1.46,1.5750000000000002,17.0,350.0,757.72998046875,2026-06-04T18:31:23+00:00,0.07688092973110096,1.0346693679917465,0.10508904420762685
2026-07-02,call,785.0,1.42,1.44,1.35,1.43,433.0,490.0,757.72998046875,2026-06-04T18:31:23+00:00,0.07688092973110096,1.0359890993284706,0.1047547421795101
2026-07-02,call,786.0,1.27,1.29,1.18,1.28,4.0,136.0,757.72998046875,2026-06-04T18:31:23+00:00,0.07688092973110096,1.0373088306651947,0.10405243681656037
2026-07-02,call,787.0,1.15,1.16,1.07,1.1549999999999998,12.0,199.0,757.72998046875,2026-06-04T18:31:23+00:00,0.07688092973110096,1.038628562001919,0.10368169680046184
2026-07-02,call,788.0,1.04,1.06,0.97,1.05,5.0,717.0,757.72998046875,2026-06-04T18:31:23+00:00,0.07688092973110096,1.0399482933386432,0.1035853552134081
2026-07-02,call,789.0,0.93,0.94,0.85,0.935,3.0,103.0,757.72998046875,2026-06-04T18:31:23+00:00,0.07688092973110096,1.0412680246753674,0.10297842035268959
2026-07-02,call,790.0,0.83,0.85,0.81,0.84,24.0,530.0,757.72998046875,2026-06-04T18:31:23+00:00,0.07688092973110096,1.0425877560120915,0.10268117445033155
2026-07-02,call,791.0,0.75,0.76,0.69,0.755,11.0,141.0,757.72998046875,2026-06-04T18:31:23+00:00,0.07688092973110096,1.0439074873488157,0.1024514877798346
2026-07-02,call,792.0,0.67,0.68,0.63,0.675,12.0,251.0,757.72998046875,2026-06-04T18:31:23+00:00,0.07688092973110096,1.0452272186855398,0.10214619172039223
2026-07-02,call,793.0,0.6,0.61,0.5,0.605,13.0,82.0,757.72998046875,2026-06-04T18:31:23+00:00,0.07688092973110096,1.046546950022264,0.10195221522030218
2026-07-02,call,794.0,0.54,0.56,0.5,0.55,2.0,183.0,757.72998046875,2026-06-04T18:31:23+00:00,0.07688092973110096,1.047866681358988,0.10211280338691536
2026-07-02,call,795.0,0.48,0.5,0.47,0.49,91.0,560.0,757.72998046875,2026-06-04T18:31:23+00:00,0.07688092973110096,1.0491864126957124,0.10186541108025587
2026-07-02,call,796.0,0.43,0.44,0.41,0.435,6.0,206.0,757.72998046875,2026-06-04T18:31:23+00:00,0.07688092973110096,1.0505061440324366,0.10159237008642659
2026-07-02,call,797.0,0.39,0.4,0.3,0.395,2.0,16.0,757.72998046875,2026-06-04T18:31:23+00:00,0.07688092973110096,1.0518258753691607,0.10180991021380245
2026-07-02,call,798.0,0.34,0.36,0.3,0.35,6.0,33.0,757.72998046875,2026-06-04T18:31:23+00:00,0.07688092973110096,1.0531456067058849,0.10157472536851486
2026-07-02,call,799.0,0.3,0.32,0.19,0.31,1.0,16.0,757.72998046875,2026-06-04T18:31:23+00:00,0.07688092973110096,1.054465338042609,0.10137438443821695
2026-07-02,call,800.0,0.28,0.29,0.28,0.285,96.0,484.0,757.72998046875,2026-06-04T18:31:23+00:00,0.07688092973110096,1.0557850693793331,0.1018765974602185
2026-07-02,call,805.0,0.16,0.17,0.16,0.165,19.0,583.0,757.72998046875,2026-06-04T18:31:23+00:00,0.07688092973110096,1.062383726062954,0.10237127817529292
2026-07-02,call,810.0,0.11,0.12,0.12,0.1149999999999999,19.0,1393.0,757.72998046875,2026-06-04T18:31:23+00:00,0.07688092973110096,1.0689823827465748,0.10587398206390077
2026-07-02,call,815.0,0.08,0.09,0.09,0.0849999999999999,2.0,37.0,757.72998046875,2026-06-04T18:31:23+00:00,0.07688092973110096,1.0755810394301957,0.11002421479999282
2026-07-02,call,820.0,0.06,0.07,0.06,0.065,24.0,220.0,757.72998046875,2026-06-04T18:31:23+00:00,0.07688092973110096,1.0821796961138166,0.11441536024279489
2026-07-02,put,610.0,0.24,0.25,0.29,0.245,1.0,63.0,757.72998046875,2026-06-04T18:31:23+00:00,0.07688092973110096,0.8050361154017416,0.3453619139228283
2026-07-02,put,615.0,0.26,0.27,0.37,0.265,3.0,28.0,757.72998046875,2026-06-04T18:31:23+00:00,0.07688092973110096,0.8116347720853624,0.3374492741274649
2026-07-02,put,620.0,0.28,0.29,0.31,0.285,3.0,41.0,757.72998046875,2026-06-04T18:31:23+00:00,0.07688092973110096,0.8182334287689832,0.32923574449938925
2026-07-02,put,625.0,0.3,0.31,0.32,0.305,100.0,84.0,757.72998046875,2026-06-04T18:31:23+00:00,0.07688092973110096,0.824832085452604,0.3207538717044719
2026-07-02,put,630.0,0.32,0.33,0.41,0.325,1.0,66.0,757.72998046875,2026-06-04T18:31:23+00:00,0.07688092973110096,0.8314307421362249,0.3120300621136252
2026-07-02,put,635.0,0.35,0.36,0.42,0.355,1.0,57.0,757.72998046875,2026-06-04T18:31:23+00:00,0.07688092973110096,0.8380293988198457,0.3043401031716907
2026-07-02,put,640.0,0.38,0.39,0.42,0.385,2.0,78.0,757.72998046875,2026-06-04T18:31:23+00:00,0.07688092973110096,0.8446280555034665,0.29626546938197285
2026-07-02,put,645.0,0.41,0.42,0.43,0.415,6.0,229.0,757.72998046875,2026-06-04T18:31:23+00:00,0.07688092973110096,0.8512267121870873,0.2878484780836662
2026-07-02,put,650.0,0.45,0.46,0.54,0.455,16.0,263.0,757.72998046875,2026-06-04T18:31:23+00:00,0.07688092973110096,0.8578253688707083,0.28009409954699055
2026-07-02,put,655.0,0.48,0.5,0.5,0.49,14.0,223.0,757.72998046875,2026-06-04T18:31:23+00:00,0.07688092973110096,0.8644240255543291,0.2714638971237665
2026-07-02,put,660.0,0.53,0.54,0.54,0.535,22.0,1586.0,757.72998046875,2026-06-04T18:31:23+00:00,0.07688092973110096,0.8710226822379499,0.2633355713914644
2026-07-02,put,665.0,0.58,0.6,0.85,0.59,19.0,1037.0,757.72998046875,2026-06-04T18:31:23+00:00,0.07688092973110096,0.8776213389215707,0.25553370189551405
2026-07-02,put,670.0,0.65,0.66,0.66,0.655,85.0,1094.0,757.72998046875,2026-06-04T18:31:23+00:00,0.07688092973110096,0.8842199956051916,0.24790427877626245
2026-07-02,put,675.0,0.71,0.73,0.73,0.72,49.0,586.0,757.72998046875,2026-06-04T18:31:23+00:00,0.07688092973110096,0.8908186522888124,0.23970698237770646
2026-07-02,put,680.0,0.8,0.81,0.82,0.805,31.0,1991.0,757.72998046875,2026-06-04T18:31:23+00:00,0.07688092973110096,0.8974173089724332,0.23211483679705394
2026-07-02,put,685.0,0.9,0.92,0.9,0.91,75.0,1157.0,757.72998046875,2026-06-04T18:31:23+00:00,0.07688092973110096,0.904015965656054,0.2248628253780515
2026-07-02,put,690.0,1.02,1.04,1.04,1.03,81.0,776.0,757.72998046875,2026-06-04T18:31:23+00:00,0.07688092973110096,0.9106146223396748,0.2175067520397219
2026-07-02,put,695.0,1.17,1.18,1.18,1.1749999999999998,15.0,1462.0,757.72998046875,2026-06-04T18:31:23+00:00,0.07688092973110096,0.9172132790232957,0.21033599034909212
2026-07-02,put,700.0,1.34,1.36,1.38,1.35,552.0,1487.0,757.72998046875,2026-06-04T18:31:23+00:00,0.07688092973110096,0.9238119357069166,0.20331568299545683
2026-07-02,put,701.0,1.38,1.4,1.42,1.39,20.0,162.0,757.72998046875,2026-06-04T18:31:23+00:00,0.07688092973110096,0.9251316670436407,0.20195742191204602
2026-07-02,put,702.0,1.43,1.45,1.46,1.44,23.0,398.0,757.72998046875,2026-06-04T18:31:23+00:00,0.07688092973110096,0.9264513983803648,0.20088990596860584
2026-07-02,put,703.0,1.48,1.49,1.69,1.485,61.0,704.0,757.72998046875,2026-06-04T18:31:23+00:00,0.07688092973110096,0.9277711297170891,0.19959526088264584
2026-07-02,put,704.0,1.51,1.53,2.0,1.52,14.0,226.0,757.72998046875,2026-06-04T18:31:23+00:00,0.07688092973110096,0.9290908610538132,0.197925808339865
2026-07-02,put,705.0,1.57,1.58,1.59,1.5750000000000002,380.0,939.0,757.72998046875,2026-06-04T18:31:23+00:00,0.07688092973110096,0.9304105923905374,0.19685107797809273
2026-07-02,put,706.0,1.61,1.62,1.83,1.6150000000000002,11.0,247.0,757.72998046875,2026-06-04T18:31:23+00:00,0.07688092973110096,0.9317303237272615,0.19525049348851048
2026-07-02,put,707.0,1.67,1.69,1.68,1.68,8.0,790.0,757.72998046875,2026-06-04T18:31:23+00:00,0.07688092973110096,0.9330500550639858,0.19436084094814118
2026-07-02,put,708.0,1.71,1.73,1.91,1.72,61.0,158.0,757.72998046875,2026-06-04T18:31:23+00:00,0.07688092973110096,0.9343697864007099,0.19266324254834113
2026-07-02,put,709.0,1.78,1.8,2.15,1.79,2.0,268.0,757.72998046875,2026-06-04T18:31:23+00:00,0.07688092973110096,0.935689517737434,0.1917873239517485
2026-07-02,put,710.0,1.83,1.85,1.89,1.84,168.0,1239.0,757.72998046875,2026-06-04T18:31:23+00:00,0.07688092973110096,0.9370092490741582,0.19027518071730254
2026-07-02,put,711.0,1.89,1.91,1.95,1.9,3.0,273.0,757.72998046875,2026-06-04T18:31:23+00:00,0.07688092973110096,0.9383289804108824,0.18898768520210377
2026-07-02,put,712.0,1.95,1.98,1.98,1.965,3.0,613.0,757.72998046875,2026-06-04T18:31:23+00:00,0.07688092973110096,0.9396487117476066,0.18777381062256934
2026-07-02,put,713.0,2.01,2.03,2.16,2.02,1.0,327.0,757.72998046875,2026-06-04T18:31:23+00:00,0.07688092973110096,0.9409684430843307,0.18623510787282804
2026-07-02,put,714.0,2.09,2.11,2.14,2.1,22.0,565.0,757.72998046875,2026-06-04T18:31:23+00:00,0.07688092973110096,0.9422881744210548,0.18528260154689652
2026-07-02,put,715.0,2.15,2.18,2.27,2.165,1805.0,1252.0,757.72998046875,2026-06-04T18:31:23+00:00,0.07688092973110096,0.9436079057577791,0.1838789225547555
2026-07-02,put,716.0,2.22,2.25,2.57,2.2350000000000003,8.0,597.0,757.72998046875,2026-06-04T18:31:23+00:00,0.07688092973110096,0.9449276370945032,0.18253788132306484
2026-07-02,put,717.0,2.29,2.31,2.36,2.3,9.0,500.0,757.72998046875,2026-06-04T18:31:23+00:00,0.07688092973110096,0.9462473684312274,0.1810152631384927
2026-07-02,put,718.0,2.39,2.41,2.43,2.4000000000000004,41.0,1198.0,757.72998046875,2026-06-04T18:31:23+00:00,0.07688092973110096,0.9475670997679515,0.18024875929711326
2026-07-02,put,719.0,2.46,2.49,2.59,2.475,24.0,207.0,757.72998046875,2026-06-04T18:31:23+00:00,0.07688092973110096,0.9488868311046758,0.17882489030350862
2026-07-02,put,720.0,2.55,2.57,2.56,2.56,191.0,4439.0,757.72998046875,2026-06-04T18:31:23+00:00,0.07688092973110096,0.9502065624413999,0.17755955894886175
2026-07-02,put,721.0,2.64,2.66,2.68,2.6500000000000004,31.0,191.0,757.72998046875,2026-06-04T18:31:23+00:00,0.07688092973110096,0.951526293778124,0.1763313125584781
2026-07-02,put,722.0,2.73,2.75,2.84,2.74,5.0,388.0,757.72998046875,2026-06-04T18:31:23+00:00,0.07688092973110096,0.9528460251148482,0.17502907175861895
2026-07-02,put,723.0,2.83,2.86,2.87,2.845,13.0,66.0,757.72998046875,2026-06-04T18:31:23+00:00,0.07688092973110096,0.9541657564515724,0.17396465574019504
2026-07-02,put,724.0,2.93,2.95,3.04,2.9400000000000004,33.0,161.0,757.72998046875,2026-06-04T18:31:23+00:00,0.07688092973110096,0.9554854877882966,0.1726143901744386
2026-07-02,put,725.0,3.03,3.06,3.12,3.045,162.0,1324.0,757.72998046875,2026-06-04T18:31:23+00:00,0.07688092973110096,0.9568052191250207,0.17138885106798288
2026-07-02,put,726.0,3.15,3.17,3.59,3.16,21.0,189.0,757.72998046875,2026-06-04T18:31:23+00:00,0.07688092973110096,0.9581249504617448,0.17027679325095413
2026-07-02,put,727.0,3.26,3.29,3.47,3.275,12.0,187.0,757.72998046875,2026-06-04T18:31:23+00:00,0.07688092973110096,0.959444681798469,0.16907869069946396
2026-07-02,put,728.0,3.37,3.4,3.82,3.385,19.0,183.0,757.72998046875,2026-06-04T18:31:23+00:00,0.07688092973110096,0.9607644131351932,0.167704314676543
2026-07-02,put,729.0,3.5,3.53,3.7,3.515,7.0,318.0,757.72998046875,2026-06-04T18:31:23+00:00,0.07688092973110096,0.9620841444719174,0.16661389146400918
2026-07-02,put,730.0,3.63,3.66,3.66,3.645,771.0,623.0,757.72998046875,2026-06-04T18:31:23+00:00,0.07688092973110096,0.9634038758086415,0.1654319412462913
2026-07-02,put,731.0,3.77,3.8,3.77,3.785,14.0,69.0,757.72998046875,2026-06-04T18:31:23+00:00,0.07688092973110096,0.9647236071453656,0.16433407473644238
2026-07-02,put,732.0,3.91,3.93,4.1,3.92,14.0,268.0,757.72998046875,2026-06-04T18:31:23+00:00,0.07688092973110096,0.9660433384820899,0.16305688054789536
2026-07-02,put,733.0,4.06,4.08,4.24,4.07,30.0,146.0,757.72998046875,2026-06-04T18:31:23+00:00,0.07688092973110096,0.967363069818814,0.1619404075477087
2026-07-02,put,734.0,4.2,4.23,4.28,4.215,17.0,487.0,757.72998046875,2026-06-04T18:31:23+00:00,0.07688092973110096,0.9686828011555382,0.16064526268542992
2026-07-02,put,735.0,4.34,4.37,4.38,4.355,469.0,424.0,757.72998046875,2026-06-04T18:31:23+00:00,0.07688092973110096,0.9700025324922623,0.15917797879400894
2026-07-02,put,736.0,4.54,4.57,5.21,4.555,23.0,136.0,757.72998046875,2026-06-04T18:31:23+00:00,0.07688092973110096,0.9713222638289866,0.1585650752727494
2026-07-02,put,737.0,4.68,4.71,4.77,4.695,9.0,387.0,757.72998046875,2026-06-04T18:31:23+00:00,0.07688092973110096,0.9726419951657107,0.15690667211586734
2026-07-02,put,738.0,4.89,4.91,5.3,4.9,15.0,308.0,757.72998046875,2026-06-04T18:31:23+00:00,0.07688092973110096,0.9739617265024348,0.15614613195098015
2026-07-02,put,739.0,5.07,5.1,5.2,5.085,10.0,86.0,757.72998046875,2026-06-04T18:31:23+00:00,0.07688092973110096,0.975281457839159,0.15496921651217246
2026-07-02,put,740.0,5.28,5.31,5.39,5.295,235.0,1193.0,757.72998046875,2026-06-04T18:31:23+00:00,0.07688092973110096,0.9766011891758832,0.15405028418051683
2026-07-02,put,741.0,5.47,5.5,5.74,5.484999999999999,11.0,75.0,757.72998046875,2026-06-04T18:31:23+00:00,0.07688092973110096,0.9779209205126074,0.152727235301386
2026-07-02,put,742.0,5.69,5.72,5.85,5.705,27.0,250.0,757.72998046875,2026-06-04T18:31:23+00:00,0.07688092973110096,0.9792406518493315,0.15172103516219324
2026-07-02,put,743.0,5.92,5.95,6.16,5.9350000000000005,45.0,149.0,757.72998046875,2026-06-04T18:31:23+00:00,0.07688092973110096,0.9805603831860557,0.15073488393859746
2026-07-02,put,744.0,6.17,6.2,6.47,6.1850000000000005,15.0,296.0,757.72998046875,2026-06-04T18:31:23+00:00,0.07688092973110096,0.9818801145227799,0.1499004905746019
2026-07-02,put,745.0,6.39,6.42,6.53,6.404999999999999,94.0,663.0,757.72998046875,2026-06-04T18:31:23+00:00,0.07688092973110096,0.983199845859504,0.14853427556891124
2026-07-02,put,746.0,6.63,6.66,6.92,6.645,18.0,257.0,757.72998046875,2026-06-04T18:31:23+00:00,0.07688092973110096,0.9845195771962282,0.14731833141281248
2026-07-02,put,747.0,6.89,6.92,7.64,6.904999999999999,58.0,190.0,757.72998046875,2026-06-04T18:31:23+00:00,0.07688092973110096,0.9858393085329523,0.14624226008818286
2026-07-02,put,748.0,7.17,7.2,7.61,7.1850000000000005,29.0,153.0,757.72998046875,2026-06-04T18:31:23+00:00,0.07688092973110096,0.9871590398696766,0.14529645909787992
2026-07-02,put,749.0,7.46,7.49,7.6,7.475,102.0,252.0,757.72998046875,2026-06-04T18:31:23+00:00,0.07688092973110096,0.9884787712064007,0.14434432901699265
2026-07-02,put,750.0,7.75,7.78,7.94,7.765000000000001,2242.0,1086.0,757.72998046875,2026-06-04T18:31:23+00:00,0.07688092973110096,0.9897985025431248,0.14325576681283173
2026-07-02,put,751.0,8.05,8.09,8.2,8.07,683.0,69.0,757.72998046875,2026-06-04T18:31:23+00:00,0.07688092973110096,0.991118233879849,0.142218782520707
2026-07-02,put,752.0,8.37,8.4,8.55,8.385,617.0,249.0,757.72998046875,2026-06-04T18:31:23+00:00,0.07688092973110096,0.9924379652165732,0.14116578113894976
2026-07-02,put,753.0,8.73,8.76,9.08,8.745000000000001,186.0,330.0,757.72998046875,2026-06-04T18:31:23+00:00,0.07688092973110096,0.9937576965532974,0.14052347744303875
2026-07-02,put,754.0,9.07,9.1,9.27,9.085,427.0,253.0,757.72998046875,2026-06-04T18:31:23+00:00,0.07688092973110096,0.9950774278900215,0.13948541795042316
2026-07-02,put,755.0,9.43,9.45,9.44,9.44,374.0,2006.0,757.72998046875,2026-06-04T18:31:23+00:00,0.07688092973110096,0.9963971592267457,0.1384807570995975
2026-07-02,put,756.0,9.8,9.83,9.8,9.815,356.0,460.0,757.72998046875,2026-06-04T18:31:23+00:00,0.07688092973110096,0.9977168905634699,0.13756535087592442
2026-07-02,put,757.0,10.2,10.24,10.24,10.22,197.0,559.0,757.72998046875,2026-06-04T18:31:23+00:00,0.07688092973110096,0.999036621900194,0.13685438942248127
2026-07-31,call,758.0,18.36,18.39,18.27,18.375,43.0,1108.0,757.72998046875,2026-06-04T18:31:23+00:00,0.1563329845256215,1.0003563532369182,0.13969519459091767
2026-07-31,call,759.0,17.77,17.81,17.54,17.79,20.0,1466.0,757.72998046875,2026-06-04T18:31:23+00:00,0.1563329845256215,1.0016760845736423,0.1390910245963563
2026-07-31,call,760.0,17.17,17.2,17.21,17.185000000000002,596.0,3221.0,757.72998046875,2026-06-04T18:31:23+00:00,0.1563329845256215,1.0029958159103665,0.13824165911878064
2026-07-31,call,761.0,16.67,16.69,16.6,16.68,112.0,645.0,757.72998046875,2026-06-04T18:31:23+00:00,0.1563329845256215,1.0043155472470906,0.13815359231616078
2026-07-31,call,762.0,16.04,16.07,15.58,16.055,4.0,211.0,757.72998046875,2026-06-04T18:31:23+00:00,0.1563329845256215,1.005635278583815,0.1369798210539685
2026-07-31,call,763.0,15.44,15.47,12.95,15.455,4.0,214.0,757.72998046875,2026-06-04T18:31:23+00:00,0.1563329845256215,1.006955009920539,0.13593593274887905
2026-07-31,call,764.0,14.89,14.92,14.85,14.905,8.0,531.0,757.72998046875,2026-06-04T18:31:23+00:00,0.1563329845256215,1.0082747412572632,0.13522995494749293
2026-07-31,call,765.0,14.36,14.39,14.16,14.375,57.0,1370.0,757.72998046875,2026-06-04T18:31:23+00:00,0.1563329845256215,1.0095944725939874,0.1346095244393262
2026-07-31,call,766.0,13.82,13.85,11.69,13.835,5.0,338.0,757.72998046875,2026-06-04T18:31:23+00:00,0.1563329845256215,1.0109142039307115,0.1338216985535521
2026-07-31,call,767.0,13.31,13.34,11.46,13.325,4.0,776.0,757.72998046875,2026-06-04T18:31:23+00:00,0.1563329845256215,1.0122339352674357,0.13320182197013503
2026-07-31,call,768.0,12.8,12.83,12.15,12.815,25.0,335.0,757.72998046875,2026-06-04T18:31:23+00:00,0.1563329845256215,1.0135536666041598,0.13249653732423283
2026-07-31,call,769.0,12.32,12.35,11.66,12.335,6.0,204.0,757.72998046875,2026-06-04T18:31:23+00:00,0.1563329845256215,1.014873397940884,0.13195899706147704
2026-07-31,call,770.0,11.83,11.86,11.7,11.845,562.0,1715.0,757.72998046875,2026-06-04T18:31:23+00:00,0.1563329845256215,1.0161931292776083,0.13124927257864816
2026-07-31,call,771.0,11.36,11.39,10.73,11.375,50.0,1693.0,757.72998046875,2026-06-04T18:31:23+00:00,0.1563329845256215,1.0175128606143324,0.13062156251518825
2026-07-31,call,772.0,10.89,10.92,12.37,10.905,46.0,252.0,757.72998046875,2026-06-04T18:31:23+00:00,0.1563329845256215,1.0188325919510566,0.1299039272189973
2026-07-31,call,773.0,10.44,10.47,10.06,10.455,2.0,146.0,757.72998046875,2026-06-04T18:31:23+00:00,0.1563329845256215,1.0201523232877807,0.12926782728937905
2026-07-31,call,774.0,10.01,10.03,8.26,10.02,1.0,480.0,757.72998046875,2026-06-04T18:31:23+00:00,0.1563329845256215,1.0214720546245049,0.12867065262601557
2026-07-31,call,775.0,9.59,9.62,9.34,9.605,24.0,3483.0,757.72998046875,2026-06-04T18:31:23+00:00,0.1563329845256215,1.022791785961229,0.12815710784465184
2026-07-31,call,776.0,9.19,9.22,8.63,9.205,36.0,673.0,757.72998046875,2026-06-04T18:31:23+00:00,0.1563329845256215,1.0241115172979531,0.1276846245062812
2026-07-31,call,777.0,8.77,8.8,8.51,8.785,150.0,248.0,757.72998046875,2026-06-04T18:31:23+00:00,0.1563329845256215,1.0254312486346773,0.12693924072332308
2026-07-31,call,778.0,8.42,8.44,7.52,8.43,2.0,246.0,757.72998046875,2026-06-04T18:31:23+00:00,0.1563329845256215,1.0267509799714016,0.12668583321780547
2026-07-31,call,779.0,8.02,8.05,7.84,8.035,4.0,641.0,757.72998046875,2026-06-04T18:31:23+00:00,0.1563329845256215,1.0280707113081258,0.12597441872764847
2026-07-31,call,780.0,7.66,7.69,6.8,7.675000000000001,45.0,2790.0,757.72998046875,2026-06-04T18:31:23+00:00,0.1563329845256215,1.02939044264485,0.12548771124532973
2026-07-31,call,781.0,7.3,7.33,7.21,7.314999999999999,16.0,209.0,757.72998046875,2026-06-04T18:31:23+00:00,0.1563329845256215,1.030710173981574,0.12490388789466915
2026-07-31,call,782.0,6.97,7.0,6.87,6.984999999999999,12.0,414.0,757.72998046875,2026-06-04T18:31:23+00:00,0.1563329845256215,1.0320299053182982,0.12450669544047799
2026-07-31,call,783.0,6.67,6.69,5.02,6.68,10.0,511.0,757.72998046875,2026-06-04T18:31:23+00:00,0.1563329845256215,1.0333496366550223,0.1242561411161161
2026-07-31,call,784.0,6.33,6.35,6.16,6.34,117.0,1155.0,757.72998046875,2026-06-04T18:31:23+00:00,0.1563329845256215,1.0346693679917465,0.12356721892718546
2026-07-31,call,785.0,6.02,6.05,5.8,6.035,103.0,1769.0,757.72998046875,2026-06-04T18:31:23+00:00,0.1563329845256215,1.0359890993284706,0.12312211721338014
2026-07-31,call,786.0,5.73,5.76,5.33,5.745,13.0,407.0,757.72998046875,2026-06-04T18:31:23+00:00,0.1563329845256215,1.0373088306651947,0.12272971523296393
2026-07-31,call,787.0,5.44,5.47,5.24,5.455,6.0,87.0,757.72998046875,2026-06-04T18:31:23+00:00,0.1563329845256215,1.038628562001919,0.12223760888241136
2026-07-31,call,788.0,5.18,5.21,5.12,5.195,3.0,811.0,757.72998046875,2026-06-04T18:31:23+00:00,0.1563329845256215,1.0399482933386432,0.12195972447733423
2026-07-31,call,789.0,4.94,4.97,4.44,4.955,4.0,880.0,757.72998046875,2026-06-04T18:31:23+00:00,0.1563329845256215,1.0412680246753674,0.12180167320964273
2026-07-31,call,790.0,4.65,4.68,4.45,4.665,131.0,1327.0,757.72998046875,2026-06-04T18:31:23+00:00,0.1563329845256215,1.0425877560120915,0.12099831210202357
2026-07-31,call,791.0,4.41,4.44,4.49,4.425000000000001,3.0,301.0,757.72998046875,2026-06-04T18:31:23+00:00,0.1563329845256215,1.0439074873488157,0.1206393276810675
2026-07-31,call,792.0,4.2,4.22,3.29,4.21,1.0,13.0,757.72998046875,2026-06-04T18:31:23+00:00,0.1563329845256215,1.0452272186855398,0.12046736696717486
2026-07-31,call,793.0,3.97,3.99,3.57,3.98,84.0,490.0,757.72998046875,2026-06-04T18:31:23+00:00,0.1563329845256215,1.046546950022264,0.12002336407273254
2026-07-31,call,794.0,3.76,3.79,3.58,3.775,30.0,1280.0,757.72998046875,2026-06-04T18:31:23+00:00,0.1563329845256215,1.047866681358988,0.11977497246349325
2026-07-31,call,795.0,3.58,3.59,3.35,3.585,31.0,2348.0,757.72998046875,2026-06-04T18:31:23+00:00,0.1563329845256215,1.0491864126957124,0.1196144282537038
2026-07-31,call,796.0,3.36,3.38,2.8,3.37,1.0,36.0,757.72998046875,2026-06-04T18:31:23+00:00,0.1563329845256215,1.0505061440324366,0.11903942772411058
2026-07-31,call,797.0,3.17,3.2,2.51,3.185,22.0,62.0,757.72998046875,2026-06-04T18:31:23+00:00,0.1563329845256215,1.0518258753691607,0.11874071523471669
2026-07-31,call,798.0,3.0,3.03,2.64,3.015,20.0,21.0,757.72998046875,2026-06-04T18:31:23+00:00,0.1563329845256215,1.0531456067058849,0.11854140517997305
2026-07-31,call,799.0,2.83,2.86,2.67,2.845,30.0,168.0,757.72998046875,2026-06-04T18:31:23+00:00,0.1563329845256215,1.054465338042609,0.11824381961442047
2026-07-31,call,800.0,2.68,2.7,2.65,2.6900000000000004,100.0,2743.0,757.72998046875,2026-06-04T18:31:23+00:00,0.1563329845256215,1.0557850693793331,0.11805670826680871
2026-07-31,call,805.0,1.99,2.01,1.93,2.0,29.0,1458.0,757.72998046875,2026-06-04T18:31:23+00:00,0.1563329845256215,1.062383726062954,0.11693296581367935
2026-07-31,call,810.0,1.45,1.46,1.42,1.455,24.0,1037.0,757.72998046875,2026-06-04T18:31:23+00:00,0.1563329845256215,1.0689823827465748,0.11575901756504255
2026-07-31,call,815.0,1.05,1.07,1.01,1.06,12.0,1103.0,757.72998046875,2026-06-04T18:31:23+00:00,0.1563329845256215,1.0755810394301957,0.11518622124583099
2026-07-31,call,820.0,0.76,0.78,0.72,0.77,32.0,2793.0,757.72998046875,2026-06-04T18:31:23+00:00,0.1563329845256215,1.0821796961138166,0.11494568443629286
2026-07-31,call,825.0,0.55,0.57,0.51,0.56,1.0,8523.0,757.72998046875,2026-06-04T18:31:23+00:00,0.1563329845256215,1.0887783527974373,0.11503654070501221
2026-07-31,call,830.0,0.4,0.42,0.39,0.41,85.0,1374.0,757.72998046875,2026-06-04T18:31:23+00:00,0.1563329845256215,1.0953770094810582,0.11548091194868645
2026-07-31,call,835.0,0.31,0.32,0.3,0.315,254.0,942.0,757.72998046875,2026-06-04T18:31:23+00:00,0.1563329845256215,1.1019756661646791,0.11695353171912587
2026-07-31,call,840.0,0.23,0.24,0.23,0.235,15.0,507.0,757.72998046875,2026-06-04T18:31:23+00:00,0.1563329845256215,1.1085743228482998,0.11791604730781029
2026-07-31,put,610.0,1.02,1.03,1.05,1.025,8.0,568.0,757.72998046875,2026-06-04T18:31:23+00:00,0.1563329845256215,0.8050361154017416,0.3034302308993355
2026-07-31,put,615.0,1.08,1.1,1.12,1.09,11.0,586.0,757.72998046875,2026-06-04T18:31:23+00:00,0.1563329845256215,0.8116347720853624,0.2971966561280242
2026-07-31,put,620.0,1.16,1.17,1.26,1.165,10.0,2205.0,757.72998046875,2026-06-04T18:31:23+00:00,0.1563329845256215,0.8182334287689832,0.29119912087312033
2026-07-31,put,621.0,1.17,1.18,1.29,1.1749999999999998,4.0,665.0,757.72998046875,2026-06-04T18:31:23+00:00,0.1563329845256215,0.8195531601057073,0.28974188480812385
2026-07-31,put,622.0,1.19,1.2,1.31,1.1949999999999998,50.0,82.0,757.72998046875,2026-06-04T18:31:23+00:00,0.1563329845256215,0.8208728914424316,0.2887267047772708
2026-07-31,put,623.0,1.2,1.21,1.36,1.205,82.0,247.0,757.72998046875,2026-06-04T18:31:23+00:00,0.1563329845256215,0.8221926227791557,0.28725488123458764
2026-07-31,put,624.0,1.22,1.23,1.48,1.225,20.0,248.0,757.72998046875,2026-06-04T18:31:23+00:00,0.1563329845256215,0.8235123541158799,0.28621451767321915
2026-07-31,put,625.0,1.23,1.25,1.34,1.24,16.0,3194.0,757.72998046875,2026-06-04T18:31:23+00:00,0.1563329845256215,0.824832085452604,0.28494392052203044
2026-07-31,put,626.0,1.25,1.27,1.28,1.26,33.0,447.0,757.72998046875,2026-06-04T18:31:23+00:00,0.1563329845256215,0.8261518167893283,0.2838761818113708
2026-07-31,put,627.0,1.27,1.28,1.45,1.275,27.0,465.0,757.72998046875,2026-06-04T18:31:23+00:00,0.1563329845256215,0.8274715481260524,0.28258431325352334
2026-07-31,put,628.0,1.28,1.3,1.29,1.29,4.0,84.0,757.72998046875,2026-06-04T18:31:23+00:00,0.1563329845256215,0.8287912794627765,0.2812833177107745
2026-07-31,put,629.0,1.31,1.32,1.58,1.315,20.0,346.0,757.72998046875,2026-06-04T18:31:23+00:00,0.1563329845256215,0.8301110107995007,0.28038194199639754
2026-07-31,put,630.0,1.32,1.33,1.37,1.3250000000000002,34.0,151980.0,757.72998046875,2026-06-04T18:31:23+00:00,0.1563329845256215,0.8314307421362249,0.27885666133028825
2026-07-31,put,631.0,1.34,1.36,1.57,1.35,1.0,424.0,757.72998046875,2026-06-04T18:31:23+00:00,0.1563329845256215,0.8327504734729491,0.27792524025222043
2026-07-31,put,632.0,1.36,1.37,1.78,1.3650000000000002,1.0,205.0,757.72998046875,2026-06-04T18:31:23+00:00,0.1563329845256215,0.8340702048096732,0.27658226205621955
2026-07-31,put,633.0,1.38,1.39,1.45,1.3849999999999998,20.0,322.0,757.72998046875,2026-06-04T18:31:23+00:00,0.1563329845256215,0.8353899361463973,0.2754250727886228
2026-07-31,put,634.0,1.4,1.41,1.43,1.4049999999999998,11.0,748.0,757.72998046875,2026-06-04T18:31:23+00:00,0.1563329845256215,0.8367096674831216,0.2742548954392782
2026-07-31,put,635.0,1.42,1.43,1.45,1.4249999999999998,13.0,632.0,757.72998046875,2026-06-04T18:31:23+00:00,0.1563329845256215,0.8380293988198457,0.27307197054852406
2026-07-31,put,636.0,1.44,1.45,1.47,1.4449999999999998,10.0,244.0,757.72998046875,2026-06-04T18:31:23+00:00,0.1563329845256215,0.8393491301565699,0.27187652863138434
2026-07-31,put,637.0,1.46,1.47,1.49,1.465,70.0,613.0,757.72998046875,2026-06-04T18:31:23+00:00,0.1563329845256215,0.840668861493294,0.27066879061220317
2026-07-31,put,638.0,1.48,1.5,1.52,1.49,10.0,129.0,757.72998046875,2026-06-04T18:31:23+00:00,0.1563329845256215,0.8419885928300183,0.2696306053684504
2026-07-31,put,639.0,1.5,1.52,1.75,1.51,8.0,279.0,757.72998046875,2026-06-04T18:31:23+00:00,0.1563329845256215,0.8433083241667424,0.26839662317423174
2026-07-31,put,640.0,1.52,1.53,1.65,1.525,32.0,1884.0,757.72998046875,2026-06-04T18:31:23+00:00,0.1563329845256215,0.8446280555034665,0.26697387395898803
2026-07-31,put,641.0,1.54,1.56,1.69,1.55,8.0,208.0,757.72998046875,2026-06-04T18:31:23+00:00,0.1563329845256215,0.8459477868401907,0.2658939259076588
2026-07-31,put,642.0,1.57,1.58,1.59,1.5750000000000002,2.0,58.0,757.72998046875,2026-06-04T18:31:23+00:00,0.1563329845256215,0.8472675181769149,0.26479807085465495
2026-07-31,put,643.0,1.59,1.61,1.89,1.6,4.0,69.0,757.72998046875,2026-06-04T18:31:23+00:00,0.1563329845256215,0.8485872495136391,0.2636866314147658
2026-07-31,put,644.0,1.61,1.62,1.88,1.6150000000000002,765.0,1011.0,757.72998046875,2026-06-04T18:31:23+00:00,0.1563329845256215,0.8499069808503632,0.26222404995309184
2026-07-31,put,645.0,1.64,1.65,2.02,1.645,4.0,16308.0,757.72998046875,2026-06-04T18:31:23+00:00,0.1563329845256215,0.8512267121870873,0.2612526985255719
2026-07-31,put,646.0,1.66,1.67,2.06,1.665,25.0,223.0,757.72998046875,2026-06-04T18:31:23+00:00,0.1563329845256215,0.8525464435238116,0.259934949945923
2026-07-31,put,647.0,1.69,1.71,2.06,1.7,10.0,304.0,757.72998046875,2026-06-04T18:31:23+00:00,0.1563329845256215,0.8538661748605357,0.25909099135178254
2026-07-31,put,648.0,1.71,1.73,1.96,1.72,97.0,590.0,757.72998046875,2026-06-04T18:31:23+00:00,0.1563329845256215,0.8551859061972599,0.25774696308135525
2026-07-31,put,649.0,1.74,1.75,1.78,1.745,23.0,337.0,757.72998046875,2026-06-04T18:31:23+00:00,0.1563329845256215,0.856505637533984,0.25655009410423946
2026-07-31,put,650.0,1.77,1.78,1.86,1.775,147.0,7383.0,757.72998046875,2026-06-04T18:31:23+00:00,0.1563329845256215,0.8578253688707083,0.2554944037699296
2026-07-31,put,651.0,1.79,1.81,2.0,1.8,66.0,150.0,757.72998046875,2026-06-04T18:31:23+00:00,0.1563329845256215,0.8591451002074324,0.25426828943156643
2026-07-31,put,652.0,1.82,1.83,2.12,1.825,5.0,288.0,757.72998046875,2026-06-04T18:31:23+00:00,0.1563329845256215,0.8604648315441565,0.25302891315733755
2026-07-31,put,653.0,1.85,1.86,2.28,1.855,2.0,290.0,757.72998046875,2026-06-04T18:31:23+00:00,0.1563329845256215,0.8617845628808807,0.2519253649467261
2026-07-31,put,654.0,1.88,1.89,2.16,1.885,2.0,181.0,757.72998046875,2026-06-04T18:31:23+00:00,0.1563329845256215,0.8631042942176049,0.2508050374997993
2026-07-31,put,655.0,1.91,1.93,2.0,1.92,143.0,1719.0,757.72998046875,2026-06-04T18:31:23+00:00,0.1563329845256215,0.8644240255543291,0.2498128692248981
2026-07-31,put,656.0,1.94,1.95,2.25,1.945,1.0,293.0,757.72998046875,2026-06-04T18:31:23+00:00,0.1563329845256215,0.8657437568910532,0.24851529269217448
2026-07-31,put,657.0,1.97,1.99,2.31,1.98,11.0,206.0,757.72998046875,2026-06-04T18:31:23+00:00,0.1563329845256215,0.8670634882277773,0.24748721983078203
2026-07-31,put,658.0,2.0,2.01,2.08,2.005,4.0,128.0,757.72998046875,2026-06-04T18:31:23+00:00,0.1563329845256215,0.8683832195645016,0.24616202780248042
2026-07-31,put,659.0,2.04,2.05,2.16,2.045,1.0,664.0,757.72998046875,2026-06-04T18:31:23+00:00,0.1563329845256215,0.8697029509012257,0.2452362132191759
2026-07-31,put,660.0,2.06,2.08,2.11,2.0700000000000003,93.0,2028.0,757.72998046875,2026-06-04T18:31:23+00:00,0.1563329845256215,0.8710226822379499,0.2438826561867329
2026-07-31,put,661.0,2.1,2.11,2.47,2.105,4.0,287.0,757.72998046875,2026-06-04T18:31:23+00:00,0.1563329845256215,0.872342413574674,0.24278455147485697
2026-07-31,put,662.0,2.13,2.15,2.47,2.14,11.0,68.0,757.72998046875,2026-06-04T18:31:23+00:00,0.1563329845256215,0.8736621449113983,0.24166828617751235
2026-07-31,put,663.0,2.17,2.18,2.43,2.175,2.0,176.0,757.72998046875,2026-06-04T18:31:23+00:00,0.1563329845256215,0.8749818762481224,0.2405341938246034
2026-07-31,put,664.0,2.2,2.22,2.62,2.21,1.0,566.0,757.72998046875,2026-06-04T18:31:23+00:00,0.1563329845256215,0.8763016075848465,0.23938259148101484
2026-07-31,put,665.0,2.24,2.26,2.42,2.25,2.0,2171.0,757.72998046875,2026-06-04T18:31:23+00:00,0.1563329845256215,0.8776213389215707,0.2383398576625174
2026-07-31,put,666.0,2.28,2.29,2.72,2.285,18.0,390.0,757.72998046875,2026-06-04T18:31:23+00:00,0.1563329845256215,0.8789410702582949,0.23715244047395537
2026-07-31,put,667.0,2.31,2.33,2.5,2.3200000000000003,2.0,287.0,757.72998046875,2026-06-04T18:31:23+00:00,0.1563329845256215,0.8802608015950191,0.23594840879413126
2026-07-31,put,668.0,2.35,2.37,2.51,2.3600000000000003,3.0,319.0,757.72998046875,2026-06-04T18:31:23+00:00,0.1563329845256215,0.8815805329317432,0.23484904308307059
2026-07-31,put,669.0,2.39,2.42,2.55,2.405,2.0,235.0,757.72998046875,2026-06-04T18:31:23+00:00,0.1563329845256215,0.8829002642684673,0.23384952775707132
2026-07-31,put,670.0,2.44,2.46,2.53,2.45,83.0,3746.0,757.72998046875,2026-06-04T18:31:23+00:00,0.1563329845256215,0.8842199956051916,0.23282759233276754
2026-07-31,put,671.0,2.49,2.5,2.56,2.495,1.0,455.0,757.72998046875,2026-06-04T18:31:23+00:00,0.1563329845256215,0.8855397269419157,0.2317836941537438
2026-07-31,put,672.0,2.53,2.54,2.75,2.535,1.0,374.0,757.72998046875,2026-06-04T18:31:23+00:00,0.1563329845256215,0.8868594582786399,0.23060416762877234
2026-07-31,put,673.0,2.57,2.58,2.8,2.575,26.0,160.0,757.72998046875,2026-06-04T18:31:23+00:00,0.1563329845256215,0.888179189615364,0.22940664970399888
2026-07-31,put,674.0,2.61,2.64,3.33,2.625,1.0,316.0,757.72998046875,2026-06-04T18:31:23+00:00,0.1563329845256215,0.8894989209520882,0.2284135195251524
2026-07-31,put,675.0,2.66,2.68,2.76,2.67,249.0,8470.0,757.72998046875,2026-06-04T18:31:23+00:00,0.1563329845256215,0.8908186522888124,0.22728739407136772
2026-07-31,put,676.0,2.71,2.73,3.01,2.72,2.0,345.0,757.72998046875,2026-06-04T18:31:23+00:00,0.1563329845256215,0.8921383836255365,0.2262490774600072
2026-07-31,put,677.0,2.76,2.78,2.9,2.77,2.0,177.0,757.72998046875,2026-06-04T18:31:23+00:00,0.1563329845256215,0.8934581149622607,0.22518801356804957
2026-07-31,put,678.0,2.81,2.82,2.82,2.815,20.0,281.0,757.72998046875,2026-06-04T18:31:23+00:00,0.1563329845256215,0.8947778462989848,0.22399980432669597
2026-07-31,put,679.0,2.85,2.87,3.63,2.8600000000000003,1.0,257.0,757.72998046875,2026-06-04T18:31:23+00:00,0.1563329845256215,0.8960975776357091,0.222792521946189
2026-07-31,put,680.0,2.92,2.94,2.95,2.93,151.0,7005.0,757.72998046875,2026-06-04T18:31:23+00:00,0.1563329845256215,0.8974173089724332,0.22207606040944328
2026-07-31,put,681.0,2.96,2.98,3.04,2.97,2.0,20125.0,757.72998046875,2026-06-04T18:31:23+00:00,0.1563329845256215,0.8987370403091574,0.22072438312691525
2026-07-31,put,682.0,3.02,3.04,3.08,3.03,5.0,18152.0,757.72998046875,2026-06-04T18:31:23+00:00,0.1563329845256215,0.9000567716458815,0.21975358676027634
2026-07-31,put,683.0,3.07,3.1,3.17,3.085,10.0,240.0,757.72998046875,2026-06-04T18:31:23+00:00,0.1563329845256215,0.9013765029826057,0.21865910492888113
2026-07-31,put,684.0,3.13,3.15,3.56,3.14,1.0,388.0,757.72998046875,2026-06-04T18:31:23+00:00,0.1563329845256215,0.9026962343193299,0.217541788712211
2026-07-31,put,685.0,3.18,3.21,3.24,3.1950000000000003,6.0,1617.0,757.72998046875,2026-06-04T18:31:23+00:00,0.1563329845256215,0.904015965656054,0.2164020086309452
2026-07-31,put,686.0,3.23,3.26,3.66,3.245,3.0,356.0,757.72998046875,2026-06-04T18:31:23+00:00,0.1563329845256215,0.9053356969927782,0.21514643492538507
2026-07-31,put,687.0,3.31,3.33,3.36,3.3200000000000003,3.0,1424.0,757.72998046875,2026-06-04T18:31:23+00:00,0.1563329845256215,0.9066554283295024,0.21433335258553915
2026-07-31,put,688.0,3.37,3.4,3.42,3.385,2.0,400.0,757.72998046875,2026-06-04T18:31:23+00:00,0.1563329845256215,0.9079751596662266,0.21330642015734366
2026-07-31,put,689.0,3.43,3.45,3.5,3.4400000000000004,1.0,414.0,757.72998046875,2026-06-04T18:31:23+00:00,0.1563329845256215,0.9092948910029507,0.21207410828187354
2026-07-31,put,690.0,3.5,3.53,3.56,3.515,82.0,2722.0,757.72998046875,2026-06-04T18:31:23+00:00,0.1563329845256215,0.9106146223396748,0.21117479754327714
2026-07-31,put,691.0,3.57,3.59,3.84,3.58,1.0,789.0,757.72998046875,2026-06-04T18:31:23+00:00,0.1563329845256215,0.9119343536763991,0.21007098147539985
2026-07-31,put,692.0,3.63,3.66,3.65,3.645,17.0,220.0,757.72998046875,2026-06-04T18:31:23+00:00,0.1563329845256215,0.9132540850131232,0.20894236458968876
2026-07-31,put,693.0,3.71,3.73,3.84,3.72,2.0,326.0,757.72998046875,2026-06-04T18:31:23+00:00,0.1563329845256215,0.9145738163498474,0.20795877618499345
2026-07-31,put,694.0,3.78,3.81,3.93,3.795,2.0,393.0,757.72998046875,2026-06-04T18:31:23+00:00,0.1563329845256215,0.9158935476865715,0.20694641318839282
2026-07-31,put,695.0,3.86,3.88,3.95,3.87,70.0,1013.0,757.72998046875,2026-06-04T18:31:23+00:00,0.1563329845256215,0.9172132790232957,0.20590578645834495
2026-07-31,put,696.0,3.93,3.95,4.56,3.94,14.0,346.0,757.72998046875,2026-06-04T18:31:23+00:00,0.1563329845256215,0.9185330103600199,0.20475619644699403
2026-07-31,put,697.0,4.01,4.03,4.76,4.02,14.0,680.0,757.72998046875,2026-06-04T18:31:23+00:00,0.1563329845256215,0.919852741696744,0.20374159505883846
2026-07-31,put,698.0,4.09,4.11,4.79,4.1,9.0,293.0,757.72998046875,2026-06-04T18:31:23+00:00,0.1563329845256215,0.9211724730334682,0.20269781902522171
2026-07-31,put,699.0,4.18,4.19,4.26,4.1850000000000005,3.0,444.0,757.72998046875,2026-06-04T18:31:23+00:00,0.1563329845256215,0.9224922043701924,0.20170314758838645
2026-07-31,put,700.0,4.25,4.28,4.3,4.265000000000001,537.0,5285.0,757.72998046875,2026-06-04T18:31:23+00:00,0.1563329845256215,0.9238119357069166,0.20060133760308557
2026-07-31,put,701.0,4.34,4.37,4.96,4.355,4.0,604.0,757.72998046875,2026-06-04T18:31:23+00:00,0.1563329845256215,0.9251316670436407,0.19962305729585073
2026-07-31,put,702.0,4.43,4.46,4.56,4.445,1.0,991.0,757.72998046875,2026-06-04T18:31:23+00:00,0.1563329845256215,0.9264513983803648,0.198613197678514
2026-07-31,put,703.0,4.51,4.54,4.69,4.525,6.0,10243.0,757.72998046875,2026-06-04T18:31:23+00:00,0.1563329845256215,0.9277711297170891,0.19742507783893626
2026-07-31,put,704.0,4.6,4.62,5.48,4.609999999999999,1.0,678.0,757.72998046875,2026-06-04T18:31:23+00:00,0.1563329845256215,0.9290908610538132,0.1962829145053381
2026-07-31,put,705.0,4.7,4.72,4.89,4.71,47.0,762.0,757.72998046875,2026-06-04T18:31:23+00:00,0.1563329845256215,0.9304105923905374,0.1953274602046686
2026-07-31,put,706.0,4.8,4.83,5.04,4.815,3.0,299.0,757.72998046875,2026-06-04T18:31:23+00:00,0.1563329845256215,0.9317303237272615,0.19440891574404276
2026-07-31,put,707.0,4.9,4.92,4.97,4.91,65.0,540.0,757.72998046875,2026-06-04T18:31:23+00:00,0.1563329845256215,0.9330500550639858,0.1933159476280037
2026-07-31,put,708.0,5.0,5.03,5.57,5.015000000000001,20.0,340.0,757.72998046875,2026-06-04T18:31:23+00:00,0.1563329845256215,0.9343697864007099,0.19232964736773722
2026-07-31,put,709.0,5.11,5.13,5.76,5.12,93.0,293.0,757.72998046875,2026-06-04T18:31:23+00:00,0.1563329845256215,0.935689517737434,0.1913092791197166
2026-07-31,put,710.0,5.21,5.24,5.38,5.225,179.0,7454.0,757.72998046875,2026-06-04T18:31:23+00:00,0.1563329845256215,0.9370092490741582,0.1902553334572796
2026-07-31,put,711.0,5.33,5.35,6.41,5.34,72.0,434.0,757.72998046875,2026-06-04T18:31:23+00:00,0.1563329845256215,0.9383289804108824,0.1893002546754979
2026-07-31,put,712.0,5.44,5.46,5.73,5.45,9.0,358.0,757.72998046875,2026-06-04T18:31:23+00:00,0.1563329845256215,0.9396487117476066,0.18824388308236503
2026-07-31,put,713.0,5.56,5.58,6.39,5.57,17.0,342.0,757.72998046875,2026-06-04T18:31:23+00:00,0.1563329845256215,0.9409684430843307,0.18728205151169547
2026-07-31,put,714.0,5.67,5.7,5.89,5.6850000000000005,4.0,728.0,757.72998046875,2026-06-04T18:31:23+00:00,0.1563329845256215,0.9422881744210548,0.18621991933218893
2026-07-31,put,715.0,5.79,5.82,5.84,5.805,18.0,769.0,757.72998046875,2026-06-04T18:31:23+00:00,0.1563329845256215,0.9436079057577791,0.18518560938023904
2026-07-31,put,716.0,5.92,5.94,5.94,5.93,5.0,457.0,757.72998046875,2026-06-04T18:31:23+00:00,0.1563329845256215,0.9449276370945032,0.18417711142489948
2026-07-31,put,717.0,6.05,6.08,6.27,6.065,3.0,699.0,757.72998046875,2026-06-04T18:31:23+00:00,0.1563329845256215,0.9462473684312274,0.18325344123219797
2026-07-31,put,718.0,6.19,6.21,6.96,6.2,2.0,251.0,757.72998046875,2026-06-04T18:31:23+00:00,0.1563329845256215,0.9475670997679515,0.18228997928033316
2026-07-31,put,719.0,6.31,6.34,6.98,6.324999999999999,2.0,342.0,757.72998046875,2026-06-04T18:31:23+00:00,0.1563329845256215,0.9488868311046758,0.18116839881815675
2026-07-31,put,720.0,6.45,6.48,6.52,6.465,191.0,3829.0,757.72998046875,2026-06-04T18:31:23+00:00,0.1563329845256215,0.9502065624413999,0.18018704589305784
2026-07-31,put,721.0,6.59,6.62,7.08,6.605,5.0,780.0,757.72998046875,2026-06-04T18:31:23+00:00,0.1563329845256215,0.951526293778124,0.179165823006133
2026-07-31,put,722.0,6.74,6.77,7.23,6.755,22.0,447.0,757.72998046875,2026-06-04T18:31:23+00:00,0.1563329845256215,0.9528460251148482,0.17821965791140093
2026-07-31,put,725.0,7.16,7.2,7.22,7.18,107.0,738.0,757.72998046875,2026-06-04T18:31:23+00:00,0.1563329845256215,0.9568052191250207,0.17485586243273682
2026-07-31,put,726.0,7.36,7.39,7.48,7.375,28.0,144.0,757.72998046875,2026-06-04T18:31:23+00:00,0.1563329845256215,0.9581249504617448,0.17423925958652534
2026-07-31,put,727.0,7.49,7.52,8.71,7.505,7.0,268.0,757.72998046875,2026-06-04T18:31:23+00:00,0.1563329845256215,0.959444681798469,0.1728697337927747
2026-07-31,put,728.0,7.68,7.71,8.28,7.695,17.0,135.0,757.72998046875,2026-06-04T18:31:23+00:00,0.1563329845256215,0.9607644131351932,0.17210495276131965
2026-07-31,put,729.0,7.86,7.89,8.12,7.875,17.0,271.0,757.72998046875,2026-06-04T18:31:23+00:00,0.1563329845256215,0.9620841444719174,0.17118520814982965
2026-07-31,put,730.0,8.05,8.08,8.06,8.065000000000001,57.0,1490.0,757.72998046875,2026-06-04T18:31:23+00:00,0.1563329845256215,0.9634038758086415,0.1703230487206793
2026-07-31,put,731.0,8.2,8.23,8.82,8.215,11.0,182.0,757.72998046875,2026-06-04T18:31:23+00:00,0.1563329845256215,0.9647236071453656,0.1690001726458626
2026-07-31,put,732.0,8.42,8.45,8.76,8.434999999999999,3.0,163.0,757.72998046875,2026-06-04T18:31:23+00:00,0.1563329845256215,0.9660433384820899,0.16835176252429498
2026-07-31,put,733.0,8.62,8.65,8.97,8.635,81.0,313.0,757.72998046875,2026-06-04T18:31:23+00:00,0.1563329845256215,0.967363069818814,0.1674472471492267
2026-07-31,put,734.0,8.8,8.84,9.07,8.82,11.0,245.0,757.72998046875,2026-06-04T18:31:23+00:00,0.1563329845256215,0.9686828011555382,0.1663435476666338
2026-07-31,put,735.0,9.02,9.05,9.0,9.035,41.0,1595.0,757.72998046875,2026-06-04T18:31:23+00:00,0.1563329845256215,0.9700025324922623,0.165489945763601
2026-07-31,put,736.0,9.23,9.27,10.13,9.25,6.0,682.0,757.72998046875,2026-06-04T18:31:23+00:00,0.1563329845256215,0.9713222638289866,0.16458436086594666
2026-07-31,put,737.0,9.45,9.48,9.51,9.465,28.0,623.0,757.72998046875,2026-06-04T18:31:23+00:00,0.1563329845256215,0.9726419951657107,0.16362714931994052
2026-07-31,put,738.0,9.67,9.71,9.9,9.69,34.0,357.0,757.72998046875,2026-06-04T18:31:23+00:00,0.1563329845256215,0.9739617265024348,0.16271441094487893
2026-07-31,put,739.0,9.89,9.93,10.37,9.91,23.0,413.0,757.72998046875,2026-06-04T18:31:23+00:00,0.1563329845256215,0.975281457839159,0.16170121913612776
2026-07-31,put,740.0,10.13,10.17,10.24,10.15,315.0,1783.0,757.72998046875,2026-06-04T18:31:23+00:00,0.1563329845256215,0.9766011891758832,0.16082426456179846
2026-07-31,put,741.0,10.33,10.37,10.76,10.35,13.0,337.0,757.72998046875,2026-06-04T18:31:23+00:00,0.1563329845256215,0.9779209205126074,0.15951908155991484
2026-07-31,put,742.0,10.62,10.65,10.83,10.635,22.0,522.0,757.72998046875,2026-06-04T18:31:23+00:00,0.1563329845256215,0.9792406518493315,0.1589511713366708
2026-07-31,put,743.0,10.88,10.91,11.05,10.895,3.0,509.0,757.72998046875,2026-06-04T18:31:23+00:00,0.1563329845256215,0.9805603831860557,0.15809201223285269
2026-07-31,put,744.0,11.15,11.19,12.42,11.17,3.0,213.0,757.72998046875,2026-06-04T18:31:23+00:00,0.1563329845256215,0.9818801145227799,0.15731134320128135
2026-07-31,put,745.0,11.41,11.44,11.56,11.425,43.0,4293.0,757.72998046875,2026-06-04T18:31:23+00:00,0.1563329845256215,0.983199845859504,0.15629032311811866
2026-07-31,put,746.0,11.68,11.72,12.8,11.7,1.0,276.0,757.72998046875,2026-06-04T18:31:23+00:00,0.1563329845256215,0.9845195771962282,0.15539127990783078
2026-07-31,put,747.0,11.98,12.02,12.8,12.0,8.0,538.0,757.72998046875,2026-06-04T18:31:23+00:00,0.1563329845256215,0.9858393085329523,0.1546546598626953
2026-07-31,put,748.0,12.28,12.32,12.94,12.3,28.0,520.0,757.72998046875,2026-06-04T18:31:23+00:00,0.1563329845256215,0.9871590398696766,0.15385507581202615
2026-07-31,put,749.0,12.59,12.62,12.66,12.605,38.0,908.0,757.72998046875,2026-06-04T18:31:23+00:00,0.1563329845256215,0.9884787712064007,0.15303644078933648
2026-07-31,put,750.0,12.86,12.9,12.9,12.88,355.0,1989.0,757.72998046875,2026-06-04T18:31:23+00:00,0.1563329845256215,0.9897985025431248,0.15189265519741296
2026-07-31,put,751.0,13.19,13.23,13.51,13.21,313.0,543.0,757.72998046875,2026-06-04T18:31:23+00:00,0.1563329845256215,0.991118233879849,0.15116504448534357
2026-07-31,put,752.0,13.53,13.57,13.6,13.55,215.0,678.0,757.72998046875,2026-06-04T18:31:23+00:00,0.1563329845256215,0.9924379652165732,0.1504572648756234
2026-07-31,put,753.0,13.87,13.91,14.23,13.89,272.0,282.0,757.72998046875,2026-06-04T18:31:23+00:00,0.1563329845256215,0.9937576965532974,0.14968205030112838
2026-07-31,put,754.0,14.24,14.28,14.76,14.26,93.0,705.0,757.72998046875,2026-06-04T18:31:23+00:00,0.1563329845256215,0.9950774278900215,0.14909551837975807
2026-07-31,put,755.0,14.59,14.63,14.59,14.61,132.0,1539.0,757.72998046875,2026-06-04T18:31:23+00:00,0.1563329845256215,0.9963971592267457,0.14826871354640575
2026-07-31,put,756.0,14.94,14.99,15.0,14.965,64.0,1365.0,757.72998046875,2026-06-04T18:31:23+00:00,0.1563329845256215,0.9977168905634699,0.14741525935098881
2026-07-31,put,757.0,15.35,15.39,15.52,15.37,80.0,298.0,757.72998046875,2026-06-04T18:31:23+00:00,0.1563329845256215,0.999036621900194,0.1469145292850042
2026-08-31,call,758.0,25.03,25.23,23.53,25.130000000000003,26.0,273.0,757.72998046875,2026-06-04T18:31:23+00:00,0.24126449137493658,1.0003563532369182,0.15150954045034776
2026-08-31,call,759.0,24.48,24.52,21.43,24.5,8.0,31.0,757.72998046875,2026-06-04T18:31:23+00:00,0.24126449137493658,1.0016760845736423,0.15072374054011067
2026-08-31,call,760.0,23.89,23.93,23.61,23.91,233.0,780.0,757.72998046875,2026-06-04T18:31:23+00:00,0.24126449137493658,1.0029958159103665,0.15016496665699286
2026-08-31,call,761.0,23.32,23.36,22.0,23.34,40.0,136.0,757.72998046875,2026-06-04T18:31:23+00:00,0.24126449137493658,1.0043155472470906,0.1496959418998828
2026-08-31,call,762.0,22.67,22.71,20.08,22.69,10.0,77.0,757.72998046875,2026-06-04T18:31:23+00:00,0.24126449137493658,1.005635278583815,0.1486391143204569
2026-08-31,call,763.0,22.09,22.13,23.98,22.11,2.0,23.0,757.72998046875,2026-06-04T18:31:23+00:00,0.24126449137493658,1.006955009920539,0.1480099267967209
2026-08-31,call,764.0,21.51,21.55,21.27,21.53,5.0,35.0,757.72998046875,2026-06-04T18:31:23+00:00,0.24126449137493658,1.0082747412572632,0.14733366632999445
2026-08-31,call,765.0,20.97,21.01,20.23,20.99,448.0,1177.0,757.72998046875,2026-06-04T18:31:23+00:00,0.24126449137493658,1.0095944725939874,0.1468800382634016
2026-08-31,call,766.0,20.37,20.41,19.11,20.39,147.0,16.0,757.72998046875,2026-06-04T18:31:23+00:00,0.24126449137493658,1.0109142039307115,0.145973023960351
2026-08-31,call,767.0,19.85,19.89,18.27,19.87,6.0,41.0,757.72998046875,2026-06-04T18:31:23+00:00,0.24126449137493658,1.0122339352674357,0.14555781476575924
2026-08-31,call,768.0,19.21,19.25,18.87,19.23,1.0,7.0,757.72998046875,2026-06-04T18:31:23+00:00,0.24126449137493658,1.0135536666041598,0.14428222695001078
2026-08-31,call,769.0,18.74,18.78,19.99,18.76,3.0,26.0,757.72998046875,2026-06-04T18:31:23+00:00,0.24126449137493658,1.014873397940884,0.14410642118213052
2026-08-31,call,770.0,18.18,18.22,17.71,18.2,50.0,921.0,757.72998046875,2026-06-04T18:31:23+00:00,0.24126449137493658,1.0161931292776083,0.143271299574669
2026-08-31,call,771.0,17.67,17.71,15.45,17.69,7.0,109.0,757.72998046875,2026-06-04T18:31:23+00:00,0.24126449137493658,1.0175128606143324,0.14272417199566045
2026-08-31,call,772.0,17.15,17.19,16.2,17.17,26.0,129.0,757.72998046875,2026-06-04T18:31:23+00:00,0.24126449137493658,1.0188325919510566,0.14205781861108688
2026-08-31,call,774.0,16.18,16.21,16.1,16.195,1.0,11.0,757.72998046875,2026-06-04T18:31:23+00:00,0.24126449137493658,1.0214720546245049,0.1410123504369894
2026-08-31,call,775.0,15.68,15.71,15.69,15.695,10.0,707.0,757.72998046875,2026-06-04T18:31:23+00:00,0.24126449137493658,1.022791785961229,0.14032512037263278
2026-08-31,call,776.0,15.2,15.24,16.76,15.22,14.0,14.0,757.72998046875,2026-06-04T18:31:23+00:00,0.24126449137493658,1.0241115172979531,0.13975602288021924
2026-08-31,call,777.0,14.75,14.79,13.97,14.77,2.0,14.0,757.72998046875,2026-06-04T18:31:23+00:00,0.24126449137493658,1.0254312486346773,0.13930609896141552
2026-08-31,call,780.0,13.41,13.45,13.1,13.43,3.0,1105.0,757.72998046875,2026-06-04T18:31:23+00:00,0.24126449137493658,1.02939044264485,0.13770223012801472
2026-08-31,call,781.0,12.98,13.02,12.71,13.0,5.0,5.0,757.72998046875,2026-06-04T18:31:23+00:00,0.24126449137493658,1.030710173981574,0.13717427025919812
2026-08-31,call,783.0,12.14,12.18,10.42,12.16,20.0,2.0,757.72998046875,2026-06-04T18:31:23+00:00,0.24126449137493658,1.0333496366550223,0.1360917137095161
2026-08-31,call,785.0,11.37,11.41,9.67,11.39,5.0,897.0,757.72998046875,2026-06-04T18:31:23+00:00,0.24126449137493658,1.0359890993284706,0.13528671911489068
2026-08-31,call,786.0,10.98,11.01,10.65,10.995,2.0,25.0,757.72998046875,2026-06-04T18:31:23+00:00,0.24126449137493658,1.0373088306651947,0.1347262843144336
2026-08-31,call,787.0,10.62,10.65,8.93,10.635,156.0,224.0,757.72998046875,2026-06-04T18:31:23+00:00,0.24126449137493658,1.038628562001919,0.13436542095188456
2026-08-31,call,788.0,10.25,10.28,9.5,10.265,10.0,54.0,757.72998046875,2026-06-04T18:31:23+00:00,0.24126449137493658,1.0399482933386432,0.13387338781620803
2026-08-31,call,789.0,9.9,9.94,11.16,9.92,2.0,19.0,757.72998046875,2026-06-04T18:31:23+00:00,0.24126449137493658,1.0412680246753674,0.1335105648662895
2026-08-31,call,790.0,9.53,9.57,9.38,9.55,1.0,271.0,757.72998046875,2026-06-04T18:31:23+00:00,0.24126449137493658,1.0425877560120915,0.13289994612043068
2026-08-31,call,791.0,9.2,9.24,8.83,9.22,156.0,316.0,757.72998046875,2026-06-04T18:31:23+00:00,0.24126449137493658,1.0439074873488157,0.13253446782858108
2026-08-31,call,793.0,8.57,8.6,9.64,8.585,6.0,4.0,757.72998046875,2026-06-04T18:31:23+00:00,0.24126449137493658,1.046546950022264,0.13182416317835713
2026-08-31,call,794.0,8.27,8.3,8.35,8.285,1.0,11.0,757.72998046875,2026-06-04T18:31:23+00:00,0.24126449137493658,1.047866681358988,0.13152031585101437
2026-08-31,call,795.0,7.97,8.0,7.75,7.984999999999999,2.0,1237.0,757.72998046875,2026-06-04T18:31:23+00:00,0.24126449137493658,1.0491864126957124,0.1311586901073846
2026-08-31,call,797.0,7.38,7.42,8.23,7.4,197.0,18995.0,757.72998046875,2026-06-04T18:31:23+00:00,0.24126449137493658,1.0518258753691607,0.13037897539020843
2026-08-31,call,798.0,7.12,7.16,8.1,7.140000000000001,77.0,78.0,757.72998046875,2026-06-04T18:31:23+00:00,0.24126449137493658,1.0531456067058849,0.13017031361921277
2026-08-31,call,799.0,6.84,6.88,6.3,6.859999999999999,2.0,15.0,757.72998046875,2026-06-04T18:31:23+00:00,0.24126449137493658,1.054465338042609,0.1297347806249707
2026-08-31,call,800.0,6.59,6.61,6.4,6.6,149.0,2166.0,757.72998046875,2026-06-04T18:31:23+00:00,0.24126449137493658,1.0557850693793331,0.12940900234027972
2026-08-31,call,805.0,5.42,5.45,4.27,5.4350000000000005,1.0,244.0,757.72998046875,2026-06-04T18:31:23+00:00,0.24126449137493658,1.062383726062954,0.12809312033652945
2026-08-31,call,810.0,4.42,4.45,4.39,4.4350000000000005,7.0,1107.0,757.72998046875,2026-06-04T18:31:23+00:00,0.24126449137493658,1.0689823827465748,0.12686645489209072
2026-08-31,call,815.0,3.57,3.58,3.35,3.575,1.0,149.0,757.72998046875,2026-06-04T18:31:23+00:00,0.24126449137493658,1.0755810394301957,0.12560041459977858
2026-08-31,call,820.0,2.86,2.89,2.34,2.875,1.0,396.0,757.72998046875,2026-06-04T18:31:23+00:00,0.24126449137493658,1.0821796961138166,0.1246946634068291
2026-08-31,call,825.0,2.28,2.31,2.16,2.295,36.0,1137.0,757.72998046875,2026-06-04T18:31:23+00:00,0.24126449137493658,1.0887783527974373,0.12389886337837937
2026-08-31,call,830.0,1.82,1.84,1.78,1.83,55.0,696.0,757.72998046875,2026-06-04T18:31:23+00:00,0.24126449137493658,1.0953770094810582,0.12339003303051406
2026-08-31,call,835.0,1.44,1.45,1.1,1.4449999999999998,1.0,2411.0,757.72998046875,2026-06-04T18:31:23+00:00,0.24126449137493658,1.1019756661646791,0.12286089963673874
2026-08-31,call,840.0,1.13,1.15,1.08,1.14,125.0,7495.0,757.72998046875,2026-06-04T18:31:23+00:00,0.24126449137493658,1.1085743228482998,0.12255240356101463
2026-08-31,call,845.0,0.91,0.93,0.86,0.92,26.0,180.0,757.72998046875,2026-06-04T18:31:23+00:00,0.24126449137493658,1.1151729795319207,0.12298711614246893
2026-08-31,call,850.0,0.72,0.73,0.56,0.725,200.0,934.0,757.72998046875,2026-06-04T18:31:23+00:00,0.24126449137493658,1.1217716362155414,0.12296786703654614
2026-08-31,call,855.0,0.58,0.59,0.56,0.585,3.0,271.0,757.72998046875,2026-06-04T18:31:23+00:00,0.24126449137493658,1.1283702928991624,0.12358350597335199
2026-08-31,call,860.0,0.47,0.48,0.45,0.475,1.0,337.0,757.72998046875,2026-06-04T18:31:23+00:00,0.24126449137493658,1.1349689495827833,0.12437624196647849
2026-08-31,put,610.0,2.17,2.19,2.28,2.18,3.0,1183.0,757.72998046875,2026-06-04T18:31:23+00:00,0.24126449137493658,0.8050361154017416,0.2850021492795506
2026-08-31,put,615.0,2.3,2.31,2.32,2.305,4.0,1139.0,757.72998046875,2026-06-04T18:31:23+00:00,0.24126449137493658,0.8116347720853624,0.2798305493174721
2026-08-31,put,618.0,2.38,2.4,2.55,2.39,1.0,210.0,757.72998046875,2026-06-04T18:31:23+00:00,0.24126449137493658,0.8155939660955349,0.2768823733307125
2026-08-31,put,619.0,2.41,2.42,3.19,2.415,304.0,572.0,757.72998046875,2026-06-04T18:31:23+00:00,0.24126449137493658,0.8169136974322591,0.275797691505843
2026-08-31,put,620.0,2.43,2.45,2.45,2.4400000000000004,1.0,1042.0,757.72998046875,2026-06-04T18:31:23+00:00,0.24126449137493658,0.8182334287689832,0.27470545817688047
2026-08-31,put,621.0,2.46,2.48,2.51,2.47,41.0,54.0,757.72998046875,2026-06-04T18:31:23+00:00,0.24126449137493658,0.8195531601057073,0.2737278657743166
2026-08-31,put,622.0,2.5,2.52,2.79,2.51,1.0,232.0,757.72998046875,2026-06-04T18:31:23+00:00,0.24126449137493658,0.8208728914424316,0.27298165000880703
2026-08-31,put,623.0,2.53,2.54,4.99,2.535,1.0,107.0,757.72998046875,2026-06-04T18:31:23+00:00,0.24126449137493658,0.8221926227791557,0.2718627046788786
2026-08-31,put,624.0,2.54,2.57,2.8,2.555,1.0,33.0,757.72998046875,2026-06-04T18:31:23+00:00,0.24126449137493658,0.8235123541158799,0.270618374240157
2026-08-31,put,625.0,2.59,2.61,2.8,2.6,22.0,558.0,757.72998046875,2026-06-04T18:31:23+00:00,0.24126449137493658,0.824832085452604,0.2699542851309865
2026-08-31,put,626.0,2.63,2.64,2.71,2.635,3.0,41.0,757.72998046875,2026-06-04T18:31:23+00:00,0.24126449137493658,0.8261518167893283,0.26904201798672056
2026-08-31,put,627.0,2.66,2.68,2.96,2.67,1.0,97.0,757.72998046875,2026-06-04T18:31:23+00:00,0.24126449137493658,0.8274715481260524,0.26811818440307367
2026-08-31,put,628.0,2.68,2.71,2.91,2.6950000000000003,242.0,283.0,757.72998046875,2026-06-04T18:31:23+00:00,0.24126449137493658,0.8287912794627765,0.2669570059382426
2026-08-31,put,629.0,2.73,2.74,3.16,2.7350000000000003,2.0,63.0,757.72998046875,2026-06-04T18:31:23+00:00,0.24126449137493658,0.8301110107995007,0.26612488937428525
2026-08-31,put,630.0,2.75,2.77,2.78,2.76,101.0,858.0,757.72998046875,2026-06-04T18:31:23+00:00,0.24126449137493658,0.8314307421362249,0.2649474414587336
2026-08-31,put,631.0,2.79,2.8,3.02,2.795,1.0,1062.0,757.72998046875,2026-06-04T18:31:23+00:00,0.24126449137493658,0.8327504734729491,0.26398278439141704
2026-08-31,put,632.0,2.82,2.85,6.29,2.835,4.0,7.0,757.72998046875,2026-06-04T18:31:23+00:00,0.24126449137493658,0.8340702048096732,0.26311569789380634
2026-08-31,put,633.0,2.86,2.88,6.33,2.87,5.0,8.0,757.72998046875,2026-06-04T18:31:23+00:00,0.24126449137493658,0.8353899361463973,0.2621285721629735
2026-08-31,put,634.0,2.89,2.91,5.47,2.9000000000000004,2.0,211.0,757.72998046875,2026-06-04T18:31:23+00:00,0.24126449137493658,0.8367096674831216,0.2610250184250855
2026-08-31,put,635.0,2.92,2.95,3.37,2.935,1.0,206.0,757.72998046875,2026-06-04T18:31:23+00:00,0.24126449137493658,0.8380293988198457,0.26001834900460885
2026-08-31,put,636.0,2.96,2.99,4.3,2.975,1.0,214.0,757.72998046875,2026-06-04T18:31:23+00:00,0.24126449137493658,0.8393491301565699,0.25910537621847834
2026-08-31,put,637.0,3.01,3.03,3.12,3.02,1.0,214.0,757.72998046875,2026-06-04T18:31:23+00:00,0.24126449137493658,0.840668861493294,0.2582827756229518
2026-08-31,put,638.0,3.04,3.06,3.54,3.05,2.0,16.0,757.72998046875,2026-06-04T18:31:23+00:00,0.24126449137493658,0.8419885928300183,0.2571414349170621
2026-08-31,put,639.0,3.08,3.1,3.39,3.09,4.0,10.0,757.72998046875,2026-06-04T18:31:23+00:00,0.24126449137493658,0.8433083241667424,0.25619349927311763
2026-08-31,put,640.0,3.12,3.14,3.63,3.13,309.0,2004.0,757.72998046875,2026-06-04T18:31:23+00:00,0.24126449137493658,0.8446280555034665,0.2552338887145214
2026-08-31,put,641.0,3.17,3.19,3.69,3.18,300.0,1363.0,757.72998046875,2026-06-04T18:31:23+00:00,0.24126449137493658,0.8459477868401907,0.25445926041612493
2026-08-31,put,642.0,3.21,3.23,3.73,3.22,300.0,1069.0,757.72998046875,2026-06-04T18:31:23+00:00,0.24126449137493658,0.8472675181769149,0.25347472415742284
2026-08-31,put,643.0,3.24,3.27,3.76,3.255,300.0,1058.0,757.72998046875,2026-06-04T18:31:23+00:00,0.24126449137493658,0.8485872495136391,0.25238291685727066
2026-08-31,put,644.0,3.29,3.31,3.8,3.3,50.0,804.0,757.72998046875,2026-06-04T18:31:23+00:00,0.24126449137493658,0.8499069808503632,0.2514723986012449
2026-08-31,put,645.0,3.34,3.36,3.43,3.35,2.0,630.0,757.72998046875,2026-06-04T18:31:23+00:00,0.24126449137493658,0.8512267121870873,0.250642994188165
2026-08-31,put,646.0,3.38,3.41,3.9,3.395,50.0,402.0,757.72998046875,2026-06-04T18:31:23+00:00,0.24126449137493658,0.8525464435238116,0.2497058523406968
2026-08-31,put,647.0,3.41,3.46,4.35,3.435,4.0,162.0,757.72998046875,2026-06-04T18:31:23+00:00,0.24126449137493658,0.8538661748605357,0.2486642564619765
2026-08-31,put,648.0,3.47,3.49,3.55,3.4800000000000004,3.0,449.0,757.72998046875,2026-06-04T18:31:23+00:00,0.24126449137493658,0.8551859061972599,0.2477033172401651
2026-08-31,put,649.0,3.51,3.54,3.97,3.525,134.0,361.0,757.72998046875,2026-06-04T18:31:23+00:00,0.24126449137493658,0.856505637533984,0.24673023104695524
2026-08-31,put,650.0,3.56,3.59,3.79,3.575,33.0,2231.0,757.72998046875,2026-06-04T18:31:23+00:00,0.24126449137493658,0.8578253688707083,0.24583421976959266
2026-08-31,put,651.0,3.61,3.64,4.18,3.625,50.0,224.0,757.72998046875,2026-06-04T18:31:23+00:00,0.24126449137493658,0.8591451002074324,0.24492446490961273
2026-08-31,put,652.0,3.67,3.69,4.25,3.68,50.0,211.0,757.72998046875,2026-06-04T18:31:23+00:00,0.24126449137493658,0.8604648315441565,0.24408821362092561
2026-08-31,put,653.0,3.7,3.74,4.27,3.72,47.0,259.0,757.72998046875,2026-06-04T18:31:23+00:00,0.24126449137493658,0.8617845628808807,0.24297841525114838
2026-08-31,put,654.0,3.76,3.79,4.36,3.775,37.0,176.0,757.72998046875,2026-06-04T18:31:23+00:00,0.24126449137493658,0.8631042942176049,0.24211480081874814
2026-08-31,put,655.0,3.81,3.84,3.92,3.825,52.0,381.0,757.72998046875,2026-06-04T18:31:23+00:00,0.24126449137493658,0.8644240255543291,0.24115209070991261
2026-08-31,put,656.0,3.87,3.89,4.04,3.88,2.0,494.0,757.72998046875,2026-06-04T18:31:23+00:00,0.24126449137493658,0.8657437568910532,0.24025995672439046
2026-08-31,put,657.0,3.92,3.94,4.29,3.93,1.0,504.0,757.72998046875,2026-06-04T18:31:23+00:00,0.24126449137493658,0.8670634882277773,0.23927098418826537
2026-08-31,put,658.0,3.97,4.0,4.05,3.985,3.0,386.0,757.72998046875,2026-06-04T18:31:23+00:00,0.24126449137493658,0.8683832195645016,0.23835115166515963
2026-08-31,put,659.0,4.03,4.05,4.23,4.04,8.0,331.0,757.72998046875,2026-06-04T18:31:23+00:00,0.24126449137493658,0.8697029509012257,0.23741731182354092
2026-08-31,put,660.0,4.08,4.11,4.26,4.095000000000001,33.0,465.0,757.72998046875,2026-06-04T18:31:23+00:00,0.24126449137493658,0.8710226822379499,0.2364696614040171
2026-08-31,put,661.0,4.12,4.15,4.34,4.135,3.0,67.0,757.72998046875,2026-06-04T18:31:23+00:00,0.24126449137493658,0.872342413574674,0.23527138070777961
2026-08-31,put,662.0,4.2,4.22,4.4,4.21,12.0,310.0,757.72998046875,2026-06-04T18:31:23+00:00,0.24126449137493658,0.8736621449113983,0.23461175777633816
2026-08-31,put,663.0,4.26,4.28,5.01,4.27,1.0,51.0,757.72998046875,2026-06-04T18:31:23+00:00,0.24126449137493658,0.8749818762481224,0.2337001783034344
2026-08-31,put,664.0,4.32,4.34,4.5,4.33,2.0,36.0,757.72998046875,2026-06-04T18:31:23+00:00,0.24126449137493658,0.8763016075848465,0.23277386444358736
2026-08-31,put,665.0,4.37,4.4,5.05,4.385,28.0,525.0,757.72998046875,2026-06-04T18:31:23+00:00,0.24126449137493658,0.8776213389215707,0.2317574517251498
2026-08-31,put,666.0,4.43,4.46,4.91,4.445,52.0,380.0,757.72998046875,2026-06-04T18:31:23+00:00,0.24126449137493658,0.8789410702582949,0.23080307366794672
2026-08-31,put,667.0,4.51,4.53,5.18,4.52,1.0,132.0,757.72998046875,2026-06-04T18:31:23+00:00,0.24126449137493658,0.8802608015950191,0.23005634017888135
2026-08-31,put,668.0,4.57,4.59,5.18,4.58,1.0,37.0,757.72998046875,2026-06-04T18:31:23+00:00,0.24126449137493658,0.8815805329317432,0.22907147891909474
2026-08-31,put,669.0,4.63,4.66,5.28,4.645,1.0,25.0,757.72998046875,2026-06-04T18:31:23+00:00,0.24126449137493658,0.8829002642684673,0.22814517862754402
2026-08-31,put,670.0,4.69,4.72,5.41,4.705,29.0,447.0,757.72998046875,2026-06-04T18:31:23+00:00,0.24126449137493658,0.8842199956051916,0.22713216970519962
2026-08-31,put,671.0,4.76,4.79,5.09,4.775,2.0,59.0,757.72998046875,2026-06-04T18:31:23+00:00,0.24126449137493658,0.8855397269419157,0.2262473556544595
2026-08-31,put,672.0,4.83,4.86,5.56,4.845000000000001,1.0,133.0,757.72998046875,2026-06-04T18:31:23+00:00,0.24126449137493658,0.8868594582786399,0.2253462485283843
2026-08-31,put,673.0,4.89,4.92,5.04,4.904999999999999,2.0,88.0,757.72998046875,2026-06-04T18:31:23+00:00,0.24126449137493658,0.888179189615364,0.22429047779348854
2026-08-31,put,674.0,4.97,4.99,5.52,4.98,104.0,186.0,757.72998046875,2026-06-04T18:31:23+00:00,0.24126449137493658,0.8894989209520882,0.22342750088514582
2026-08-31,put,675.0,5.03,5.07,5.24,5.050000000000001,4.0,1626.0,757.72998046875,2026-06-04T18:31:23+00:00,0.24126449137493658,0.8908186522888124,0.22247953839829396
2026-08-31,put,676.0,5.11,5.14,5.17,5.125,44.0,555.0,757.72998046875,2026-06-04T18:31:23+00:00,0.24126449137493658,0.8921383836255365,0.22158320620864644
2026-08-31,put,677.0,5.19,5.22,5.76,5.205,2.0,101.0,757.72998046875,2026-06-04T18:31:23+00:00,0.24126449137493658,0.8934581149622607,0.22073652363453447
2026-08-31,put,678.0,5.26,5.3,5.84,5.279999999999999,2.0,123.0,757.72998046875,2026-06-04T18:31:23+00:00,0.24126449137493658,0.8947778462989848,0.2198062689045611
2026-08-31,put,679.0,5.35,5.38,5.65,5.365,1.0,306.0,757.72998046875,2026-06-04T18:31:23+00:00,0.24126449137493658,0.8960975776357091,0.21898960421422164
2026-08-31,put,680.0,5.43,5.46,5.86,5.445,7.0,1415.0,757.72998046875,2026-06-04T18:31:23+00:00,0.24126449137493658,0.8974173089724332,0.21808984886760716
2026-08-31,put,681.0,5.5,5.53,6.19,5.515000000000001,10.0,165.0,757.72998046875,2026-06-04T18:31:23+00:00,0.24126449137493658,0.8987370403091574,0.21704574173686017
2026-08-31,put,682.0,5.59,5.62,6.46,5.605,1.0,47.0,757.72998046875,2026-06-04T18:31:23+00:00,0.24126449137493658,0.9000567716458815,0.21623886226485758
2026-08-31,put,683.0,5.67,5.7,6.03,5.6850000000000005,6.0,211.0,757.72998046875,2026-06-04T18:31:23+00:00,0.24126449137493658,0.9013765029826057,0.21528804000216678
2026-08-31,put,684.0,5.75,5.79,6.51,5.77,1.0,209.0,757.72998046875,2026-06-04T18:31:23+00:00,0.24126449137493658,0.9026962343193299,0.2143821574078659
2026-08-31,put,685.0,5.84,5.87,6.09,5.855,9.0,1977.0,757.72998046875,2026-06-04T18:31:23+00:00,0.24126449137493658,0.904015965656054,0.21345854794573624
2026-08-31,put,686.0,5.92,5.95,6.58,5.9350000000000005,1.0,35.0,757.72998046875,2026-06-04T18:31:23+00:00,0.24126449137493658,0.9053356969927782,0.21245712074544787
2026-08-31,put,687.0,6.02,6.05,6.6,6.035,1.0,58.0,757.72998046875,2026-06-04T18:31:23+00:00,0.24126449137493658,0.9066554283295024,0.21167825960383488
2026-08-31,put,688.0,6.1,6.13,6.9,6.115,2.0,183.0,757.72998046875,2026-06-04T18:31:23+00:00,0.24126449137493658,0.9079751596662266,0.2106424023461561
2026-08-31,put,689.0,6.2,6.23,6.97,6.215,3.0,98.0,757.72998046875,2026-06-04T18:31:23+00:00,0.24126449137493658,0.9092948910029507,0.2098245151371949
2026-08-31,put,690.0,6.29,6.32,7.02,6.305,62.0,970.0,757.72998046875,2026-06-04T18:31:23+00:00,0.24126449137493658,0.9106146223396748,0.20887060850887024
2026-08-31,put,691.0,6.39,6.42,6.6,6.404999999999999,3.0,158.0,757.72998046875,2026-06-04T18:31:23+00:00,0.24126449137493658,0.9119343536763991,0.20801335368277246
2026-08-31,put,692.0,6.48,6.52,6.74,6.5,1.0,275.0,757.72998046875,2026-06-04T18:31:23+00:00,0.24126449137493658,0.9132540850131232,0.20707954788153515
2026-08-31,put,693.0,6.57,6.6,6.79,6.585,3.0,360.0,757.72998046875,2026-06-04T18:31:23+00:00,0.24126449137493658,0.9145738163498474,0.20601507531233973
2026-08-31,put,694.0,6.69,6.72,6.89,6.705,1.0,198.0,757.72998046875,2026-06-04T18:31:23+00:00,0.24126449137493658,0.9158935476865715,0.20532284551610502
2026-08-31,put,695.0,6.79,6.82,7.21,6.805,52.0,622.0,757.72998046875,2026-06-04T18:31:23+00:00,0.24126449137493658,0.9172132790232957,0.20438716266110865
2026-08-31,put,696.0,6.89,6.93,7.09,6.91,3.0,183.0,757.72998046875,2026-06-04T18:31:23+00:00,0.24126449137493658,0.9185330103600199,0.20348670890722403
2026-08-31,put,697.0,7.01,7.04,7.25,7.025,1.0,80.0,757.72998046875,2026-06-04T18:31:23+00:00,0.24126449137493658,0.919852741696744,0.20267377847556525
2026-08-31,put,698.0,7.08,7.13,7.5,7.105,1.0,131.0,757.72998046875,2026-06-04T18:31:23+00:00,0.24126449137493658,0.9211724730334682,0.20146622164018504
2026-08-31,put,699.0,7.23,7.26,7.47,7.245,42.0,455.0,757.72998046875,2026-06-04T18:31:23+00:00,0.24126449137493658,0.9224922043701924,0.20087687906756907
2026-08-31,put,700.0,7.33,7.37,7.34,7.35,22.0,1582.0,757.72998046875,2026-06-04T18:31:23+00:00,0.24126449137493658,0.9238119357069166,0.19989549660422956
2026-08-31,put,701.0,7.44,7.47,8.52,7.455,5.0,267.0,757.72998046875,2026-06-04T18:31:23+00:00,0.24126449137493658,0.9251316670436407,0.19889486346755594
2026-08-31,put,702.0,7.55,7.58,8.43,7.564999999999999,2.0,785.0,757.72998046875,2026-06-04T18:31:23+00:00,0.24126449137493658,0.9264513983803648,0.19792628354668693
2026-08-31,put,703.0,7.69,7.72,7.87,7.705,3.0,67.0,757.72998046875,2026-06-04T18:31:23+00:00,0.24126449137493658,0.9277711297170891,0.197241582783942
2026-08-31,put,704.0,7.81,7.84,7.9,7.824999999999999,1.0,288.0,757.72998046875,2026-06-04T18:31:23+00:00,0.24126449137493658,0.9290908610538132,0.19633062135934357
2026-08-31,put,705.0,7.93,7.96,8.35,7.945,10.0,398.0,757.72998046875,2026-06-04T18:31:23+00:00,0.24126449137493658,0.9304105923905374,0.19539814389970558
2026-08-31,put,706.0,8.05,8.08,8.32,8.065000000000001,5.0,347.0,757.72998046875,2026-06-04T18:31:23+00:00,0.24126449137493658,0.9317303237272615,0.19444432192542202
2026-08-31,put,707.0,8.16,8.2,8.66,8.18,2.0,169.0,757.72998046875,2026-06-04T18:31:23+00:00,0.24126449137493658,0.9330500550639858,0.1934206303649556
2026-08-31,put,708.0,8.31,8.35,8.41,8.33,39.0,692.0,757.72998046875,2026-06-04T18:31:23+00:00,0.24126449137493658,0.9343697864007099,0.1927143933850075
2026-08-31,put,709.0,8.45,8.49,9.76,8.469999999999999,25.0,295.0,757.72998046875,2026-06-04T18:31:23+00:00,0.24126449137493658,0.935689517737434,0.1918862205200813
2026-08-31,put,710.0,8.6,8.63,8.67,8.615,316.0,1766.0,757.72998046875,2026-06-04T18:31:23+00:00,0.24126449137493658,0.9370092490741582,0.19108100167082268
2026-08-31,put,711.0,8.72,8.76,9.53,8.74,1.0,367.0,757.72998046875,2026-06-04T18:31:23+00:00,0.24126449137493658,0.9383289804108824,0.19006351253465117
2026-08-31,put,712.0,8.87,8.91,9.46,8.89,25.0,819.0,757.72998046875,2026-06-04T18:31:23+00:00,0.24126449137493658,0.9396487117476066,0.18925670229406755
2026-08-31,put,713.0,9.01,9.04,9.82,9.025,2.0,605.0,757.72998046875,2026-06-04T18:31:23+00:00,0.24126449137493658,0.9409684430843307,0.18828657644289645
2026-08-31,put,714.0,9.16,9.2,9.99,9.18,1.0,115.0,757.72998046875,2026-06-04T18:31:23+00:00,0.24126449137493658,0.9422881744210548,0.1874758746073538
2026-08-31,put,715.0,9.31,9.34,9.64,9.325,8.0,389.0,757.72998046875,2026-06-04T18:31:23+00:00,0.24126449137493658,0.9436079057577791,0.18654905766544091
2026-08-31,put,716.0,9.47,9.5,9.85,9.485,1.0,237.0,757.72998046875,2026-06-04T18:31:23+00:00,0.24126449137493658,0.9449276370945032,0.18573227333761938
2026-08-31,put,717.0,9.62,9.66,9.83,9.64,50.0,19087.0,757.72998046875,2026-06-04T18:31:23+00:00,0.24126449137493658,0.9462473684312274,0.18484486923066673
2026-08-31,put,718.0,9.78,9.81,10.2,9.795,2.0,375.0,757.72998046875,2026-06-04T18:31:23+00:00,0.24126449137493658,0.9475670997679515,0.18393212420697932
2026-08-31,put,719.0,9.93,9.96,11.2,9.945,9.0,432.0,757.72998046875,2026-06-04T18:31:23+00:00,0.24126449137493658,0.9488868311046758,0.1829506753788239
2026-08-31,put,720.0,10.11,10.15,10.24,10.13,16.0,1299.0,757.72998046875,2026-06-04T18:31:23+00:00,0.24126449137493658,0.9502065624413999,0.18224681350253882
2026-08-31,put,721.0,10.25,10.29,10.53,10.27,3.0,4243.0,757.72998046875,2026-06-04T18:31:23+00:00,0.24126449137493658,0.951526293778124,0.18112876790554883
2026-08-31,put,722.0,10.45,10.5,10.62,10.475,1.0,133.0,757.72998046875,2026-06-04T18:31:23+00:00,0.24126449137493658,0.9528460251148482,0.18053908823371972
2026-08-31,put,723.0,10.62,10.66,11.39,10.64,1.0,116.0,757.72998046875,2026-06-04T18:31:23+00:00,0.24126449137493658,0.9541657564515724,0.17958132882707575
2026-08-31,put,724.0,10.81,10.85,10.9,10.83,8.0,133.0,757.72998046875,2026-06-04T18:31:23+00:00,0.24126449137493658,0.9554854877882966,0.1788058363290318
2026-08-31,put,725.0,10.99,11.03,11.15,11.01,24.0,1147.0,757.72998046875,2026-06-04T18:31:23+00:00,0.24126449137493658,0.9568052191250207,0.17791834664499848
2026-08-31,put,726.0,11.14,11.19,12.74,11.165,2.0,107.0,757.72998046875,2026-06-04T18:31:23+00:00,0.24126449137493658,0.9581249504617448,0.17679812840612844
2026-08-31,put,728.0,11.58,11.62,11.49,11.6,2.0,11.0,757.72998046875,2026-06-04T18:31:23+00:00,0.24126449137493658,0.9607644131351932,0.17549220933243143
2026-08-31,put,729.0,11.77,11.82,12.0,11.795,8.0,26.0,757.72998046875,2026-06-04T18:31:23+00:00,0.24126449137493658,0.9620841444719174,0.17461066281629675
2026-08-31,put,730.0,11.98,12.03,12.1,12.005,236.0,1780.0,757.72998046875,2026-06-04T18:31:23+00:00,0.24126449137493658,0.9634038758086415,0.1738187672042573
2026-08-31,put,731.0,12.19,12.23,12.64,12.21,120.0,138.0,757.72998046875,2026-06-04T18:31:23+00:00,0.24126449137493658,0.9647236071453656,0.17295643226191737
2026-08-31,put,732.0,12.41,12.45,12.45,12.43,5.0,33.0,757.72998046875,2026-06-04T18:31:23+00:00,0.24126449137493658,0.9660433384820899,0.17218090804392489
2026-08-31,put,734.0,12.85,12.9,12.92,12.875,4.0,14.0,757.72998046875,2026-06-04T18:31:23+00:00,0.24126449137493658,0.9686828011555382,0.17057236043985635
2026-08-31,put,735.0,13.08,13.12,13.38,13.1,43.0,4124.0,757.72998046875,2026-06-04T18:31:23+00:00,0.24126449137493658,0.9700025324922623,0.16973898795467637
2026-08-31,put,736.0,13.31,13.36,14.48,13.335,4.0,21.0,757.72998046875,2026-06-04T18:31:23+00:00,0.24126449137493658,0.9713222638289866,0.16894918625702168
2026-08-31,put,737.0,13.55,13.6,14.79,13.575,6.0,5.0,757.72998046875,2026-06-04T18:31:23+00:00,0.24126449137493658,0.9726419951657107,0.16816376172949804
2026-08-31,put,738.0,13.77,13.82,14.46,13.795,24.0,50.0,757.72998046875,2026-06-04T18:31:23+00:00,0.24126449137493658,0.9739617265024348,0.16719489496227116
2026-08-31,put,739.0,14.04,14.09,15.02,14.065,3.0,6.0,757.72998046875,2026-06-04T18:31:23+00:00,0.24126449137493658,0.975281457839159,0.16656609007061715
2026-08-31,put,740.0,14.3,14.34,14.42,14.32,31.0,3695.0,757.72998046875,2026-06-04T18:31:23+00:00,0.24126449137493658,0.9766011891758832,0.1657898966423152
2026-08-31,put,742.0,14.77,14.82,14.95,14.795,1.0,55.0,757.72998046875,2026-06-04T18:31:23+00:00,0.24126449137493658,0.9792406518493315,0.1638769168835087
2026-08-31,put,743.0,15.03,15.1,14.99,15.065,12.0,38.0,757.72998046875,2026-06-04T18:31:23+00:00,0.24126449137493658,0.9805603831860557,0.16310587977300917
2026-08-31,put,744.0,15.37,15.42,16.6,15.395,1.0,4.0,757.72998046875,2026-06-04T18:31:23+00:00,0.24126449137493658,0.9818801145227799,0.16273122508783985
2026-08-31,put,745.0,15.65,15.7,16.08,15.675,22.0,1024.0,757.72998046875,2026-06-04T18:31:23+00:00,0.24126449137493658,0.983199845859504,0.16195665923543714
2026-08-31,put,746.0,15.91,15.96,16.85,15.935,1.0,43.0,757.72998046875,2026-06-04T18:31:23+00:00,0.24126449137493658,0.9845195771962282,0.16100219342554883
2026-08-31,put,747.0,16.24,16.3,17.57,16.27,1.0,2703.0,757.72998046875,2026-06-04T18:31:23+00:00,0.24126449137493658,0.9858393085329523,0.16054433143028113
2026-08-31,put,748.0,16.55,16.6,17.04,16.575000000000003,1.0,21.0,757.72998046875,2026-06-04T18:31:23+00:00,0.24126449137493658,0.9871590398696766,0.1598333168343111
2026-08-31,put,749.0,16.8,16.86,18.58,16.83,132.0,171.0,757.72998046875,2026-06-04T18:31:23+00:00,0.24126449137493658,0.9884787712064007,0.1587316232585812
2026-08-31,put,750.0,17.17,17.23,17.57,17.200000000000003,89.0,5775.0,757.72998046875,2026-06-04T18:31:23+00:00,0.24126449137493658,0.9897985025431248,0.15839880189529576
2026-08-31,put,751.0,17.51,17.57,18.31,17.54,5.0,55.0,757.72998046875,2026-06-04T18:31:23+00:00,0.24126449137493658,0.991118233879849,0.1578135775736423
2026-08-31,put,752.0,17.83,17.89,19.09,17.86,2.0,8.0,757.72998046875,2026-06-04T18:31:23+00:00,0.24126449137493658,0.9924379652165732,0.1570480622974938
2026-08-31,put,753.0,18.17,18.23,19.64,18.200000000000003,2.0,21.0,757.72998046875,2026-06-04T18:31:23+00:00,0.24126449137493658,0.9937576965532974,0.15638038344029434
2026-08-31,put,754.0,18.46,18.52,19.1,18.49,32.0,27.0,757.72998046875,2026-06-04T18:31:23+00:00,0.24126449137493658,0.9950774278900215,0.15532644008954705
2026-08-31,put,755.0,18.83,18.89,19.48,18.86,176.0,3166.0,757.72998046875,2026-06-04T18:31:23+00:00,0.24126449137493658,0.9963971592267457,0.1547824497303745
2026-08-31,put,756.0,19.23,19.29,20.16,19.26,45.0,122.0,757.72998046875,2026-06-04T18:31:23+00:00,0.24126449137493658,0.9977168905634699,0.15440052743859564
2026-08-31,put,757.0,19.61,19.67,20.01,19.64,31.0,75.0,757.72998046875,2026-06-04T18:31:23+00:00,0.24126449137493658,0.999036621900194,0.1538373590701532
